
 /----------------------------------------------------------------------------\
 |  yosys -- Yosys Open SYnthesis Suite                                       |
 |  Copyright (C) 2012 - 2024  Claire Xenia Wolf <claire@yosyshq.com>         |
 |  Distributed under an ISC-like license, type "license" to see terms        |
 \----------------------------------------------------------------------------/
 Yosys 0.46+124 (git sha1 d1695ad99, clang++ 14.0.0-1ubuntu1.1 -fPIC -O3)

-- Executing script file `../model/design.ys' --

1. Executing Verilog-2005 frontend: define.sv
Parsing Verilog input from `define.sv' to AST representation.
Successfully finished Verilog frontend.

2. Executing Verilog-2005 frontend: nerv_wrapper.sv
Parsing formal Verilog input from `nerv_wrapper.sv' to AST representation.
Generating RTLIL representation for module `\nerv_extended_wrapper'.
Warning: reg '\result_csr_mcounteren' is assigned in a continuous assignment at nerv_wrapper.sv:197.12-197.41.
Warning: reg '\result_csr_misa' is assigned in a continuous assignment at nerv_wrapper.sv:306.12-306.48.
Warning: reg '\result_csr_medeleg' is assigned in a continuous assignment at nerv_wrapper.sv:307.12-307.62.
Warning: reg '\result_csr_mideleg' is assigned in a continuous assignment at nerv_wrapper.sv:308.12-308.62.
Warning: wire '\shadow_regfile' is assigned in a block at nerv_wrapper.sv:318.17-318.42.
Warning: wire '\shadow_regfile' is assigned in a block at nerv_wrapper.sv:318.17-318.42.
Warning: wire '\shadow_regfile' is assigned in a block at nerv_wrapper.sv:318.17-318.42.
Warning: wire '\shadow_regfile' is assigned in a block at nerv_wrapper.sv:318.17-318.42.
Warning: wire '\shadow_regfile' is assigned in a block at nerv_wrapper.sv:318.17-318.42.
Warning: wire '\shadow_regfile' is assigned in a block at nerv_wrapper.sv:318.17-318.42.
Warning: wire '\shadow_regfile' is assigned in a block at nerv_wrapper.sv:318.17-318.42.
Warning: wire '\shadow_regfile' is assigned in a block at nerv_wrapper.sv:318.17-318.42.
Warning: wire '\shadow_regfile' is assigned in a block at nerv_wrapper.sv:318.17-318.42.
Warning: wire '\shadow_regfile' is assigned in a block at nerv_wrapper.sv:318.17-318.42.
Warning: wire '\shadow_regfile' is assigned in a block at nerv_wrapper.sv:318.17-318.42.
Warning: wire '\shadow_regfile' is assigned in a block at nerv_wrapper.sv:318.17-318.42.
Warning: wire '\shadow_regfile' is assigned in a block at nerv_wrapper.sv:318.17-318.42.
Warning: wire '\shadow_regfile' is assigned in a block at nerv_wrapper.sv:318.17-318.42.
Warning: wire '\shadow_regfile' is assigned in a block at nerv_wrapper.sv:318.17-318.42.
Warning: wire '\shadow_regfile' is assigned in a block at nerv_wrapper.sv:318.17-318.42.
Warning: wire '\shadow_regfile' is assigned in a block at nerv_wrapper.sv:318.17-318.42.
Warning: wire '\shadow_regfile' is assigned in a block at nerv_wrapper.sv:318.17-318.42.
Warning: wire '\shadow_regfile' is assigned in a block at nerv_wrapper.sv:318.17-318.42.
Warning: wire '\shadow_regfile' is assigned in a block at nerv_wrapper.sv:318.17-318.42.
Warning: wire '\shadow_regfile' is assigned in a block at nerv_wrapper.sv:318.17-318.42.
Warning: wire '\shadow_regfile' is assigned in a block at nerv_wrapper.sv:318.17-318.42.
Warning: wire '\shadow_regfile' is assigned in a block at nerv_wrapper.sv:318.17-318.42.
Warning: wire '\shadow_regfile' is assigned in a block at nerv_wrapper.sv:318.17-318.42.
Warning: wire '\shadow_regfile' is assigned in a block at nerv_wrapper.sv:318.17-318.42.
Warning: wire '\shadow_regfile' is assigned in a block at nerv_wrapper.sv:318.17-318.42.
Warning: wire '\shadow_regfile' is assigned in a block at nerv_wrapper.sv:318.17-318.42.
Warning: wire '\shadow_regfile' is assigned in a block at nerv_wrapper.sv:318.17-318.42.
Warning: wire '\shadow_regfile' is assigned in a block at nerv_wrapper.sv:318.17-318.42.
Warning: wire '\shadow_regfile' is assigned in a block at nerv_wrapper.sv:318.17-318.42.
Warning: wire '\shadow_regfile' is assigned in a block at nerv_wrapper.sv:318.17-318.42.
Warning: wire '\shadow_regfile' is assigned in a block at nerv_wrapper.sv:318.17-318.42.
Warning: wire '\shadow_regfile' is assigned in a block at nerv_wrapper.sv:321.13-321.59.
Warning: reg '\result_csr_mcause' is assigned in a continuous assignment at nerv_wrapper.sv:410.12-410.42.
Warning: reg '\result_csr_cycle' is assigned in a continuous assignment at nerv_wrapper.sv:413.12-413.60.
Warning: reg '\result_csr_scounteren' is assigned in a continuous assignment at nerv_wrapper.sv:414.12-414.65.
Warning: reg '\result_csr_scause' is assigned in a continuous assignment at nerv_wrapper.sv:415.12-415.61.
Warning: reg '\result_csr_stvec' is assigned in a continuous assignment at nerv_wrapper.sv:416.12-416.60.
Warning: reg '\result_csr_sepc' is assigned in a continuous assignment at nerv_wrapper.sv:417.12-417.59.
Warning: reg '\result_csr_stval' is assigned in a continuous assignment at nerv_wrapper.sv:418.12-418.60.
Warning: reg '\result_csr_sscratch' is assigned in a continuous assignment at nerv_wrapper.sv:419.12-419.63.
Warning: reg '\result_csr_satp' is assigned in a continuous assignment at nerv_wrapper.sv:420.12-420.59.
Warning: reg '\result_csr_pmpcfg0' is assigned in a continuous assignment at nerv_wrapper.sv:421.12-421.62.
Warning: reg '\result_csr_pmpcfg1' is assigned in a continuous assignment at nerv_wrapper.sv:422.12-422.62.
Warning: reg '\result_csr_pmpcfg2' is assigned in a continuous assignment at nerv_wrapper.sv:423.12-423.62.
Warning: reg '\result_csr_pmpcfg3' is assigned in a continuous assignment at nerv_wrapper.sv:424.12-424.62.
Warning: reg '\result_csr_pmpaddr0' is assigned in a continuous assignment at nerv_wrapper.sv:425.12-425.63.
Warning: reg '\result_csr_pmpaddr1' is assigned in a continuous assignment at nerv_wrapper.sv:426.12-426.63.
Warning: reg '\result_csr_pmpaddr2' is assigned in a continuous assignment at nerv_wrapper.sv:427.12-427.63.
Warning: reg '\result_csr_pmpaddr3' is assigned in a continuous assignment at nerv_wrapper.sv:428.12-428.63.
Warning: reg '\result_csr_MXLEN' is assigned in a continuous assignment at nerv_wrapper.sv:429.12-429.41.
Warning: reg '\result_csr_IALIGN' is assigned in a continuous assignment at nerv_wrapper.sv:430.12-430.41.
Warning: reg '\result_csr_ILEN' is assigned in a continuous assignment at nerv_wrapper.sv:431.12-431.41.
nerv_wrapper.sv:99: Warning: Identifier `\clk' is implicitly declared.
nerv_wrapper.sv:251: Warning: Identifier `\uut.mem_rd_enable_q' is implicitly declared.
nerv_wrapper.sv:256: Warning: Identifier `\uut.mem_wr_enable_q' is implicitly declared.
nerv_wrapper.sv:279: Warning: Identifier `\uut.rvfi_csr_mstatus_rdata' is implicitly declared.
nerv_wrapper.sv:280: Warning: Identifier `\uut.rvfi_csr_mstatush_rdata' is implicitly declared.
nerv_wrapper.sv:294: Warning: Identifier `\uut.rvfi_csr_mcause_rdata' is implicitly declared.
nerv_wrapper.sv:294: Warning: Range select out of bounds on signal `\uut.rvfi_csr_mcause_rdata': Setting result bit to undef.
nerv_wrapper.sv:298: Warning: Identifier `\uut.rvfi_csr_mepc_rdata' is implicitly declared.
nerv_wrapper.sv:307: Warning: Identifier `\uut.rvfi_csr_medeleg_rdata' is implicitly declared.
nerv_wrapper.sv:308: Warning: Identifier `\uut.rvfi_csr_mideleg_rdata' is implicitly declared.
nerv_wrapper.sv:321: Warning: Identifier `\uut.regfile' is implicitly declared.
nerv_wrapper.sv:400: Warning: Identifier `\uut.rvfi_trap' is implicitly declared.
nerv_wrapper.sv:400: Warning: Range select out of bounds on signal `\uut.rvfi_csr_mcause_rdata': Setting result bit to undef.
nerv_wrapper.sv:401: Warning: Identifier `\uut.csr_mcause_wdata' is implicitly declared.
nerv_wrapper.sv:404: Warning: Identifier `\uut.irq_num' is implicitly declared.
nerv_wrapper.sv:405: Warning: Range select [4:0] out of bounds on signal `\uut.irq_num': Setting all 5 result bits to undef.
nerv_wrapper.sv:413: Warning: Identifier `\uut.rvfi_csr_cycle_rdata' is implicitly declared.
nerv_wrapper.sv:414: Warning: Identifier `\uut.rvfi_csr_scounteren_rdata' is implicitly declared.
nerv_wrapper.sv:415: Warning: Identifier `\uut.rvfi_csr_scause_rdata' is implicitly declared.
nerv_wrapper.sv:416: Warning: Identifier `\uut.rvfi_csr_stvec_rdata' is implicitly declared.
nerv_wrapper.sv:417: Warning: Identifier `\uut.rvfi_csr_sepc_rdata' is implicitly declared.
nerv_wrapper.sv:418: Warning: Identifier `\uut.rvfi_csr_stval_rdata' is implicitly declared.
nerv_wrapper.sv:419: Warning: Identifier `\uut.rvfi_csr_sscratch_rdata' is implicitly declared.
nerv_wrapper.sv:420: Warning: Identifier `\uut.rvfi_csr_satp_rdata' is implicitly declared.
nerv_wrapper.sv:421: Warning: Identifier `\uut.rvfi_csr_pmpcfg0_rdata' is implicitly declared.
nerv_wrapper.sv:422: Warning: Identifier `\uut.rvfi_csr_pmpcfg1_rdata' is implicitly declared.
nerv_wrapper.sv:423: Warning: Identifier `\uut.rvfi_csr_pmpcfg2_rdata' is implicitly declared.
nerv_wrapper.sv:424: Warning: Identifier `\uut.rvfi_csr_pmpcfg3_rdata' is implicitly declared.
nerv_wrapper.sv:425: Warning: Identifier `\uut.rvfi_csr_pmpaddr0_rdata' is implicitly declared.
nerv_wrapper.sv:426: Warning: Identifier `\uut.rvfi_csr_pmpaddr1_rdata' is implicitly declared.
nerv_wrapper.sv:427: Warning: Identifier `\uut.rvfi_csr_pmpaddr2_rdata' is implicitly declared.
nerv_wrapper.sv:428: Warning: Identifier `\uut.rvfi_csr_pmpaddr3_rdata' is implicitly declared.
nerv_wrapper.sv:253: Warning: Identifier `\uut.rvfi_mem_rmask' is implicitly declared.
Successfully finished Verilog frontend.

3. Executing Verilog-2005 frontend: nerv.sv
Parsing Verilog input from `nerv.sv' to AST representation.
Generating RTLIL representation for module `\nerv'.
Successfully finished Verilog frontend.

4. Executing Verilog-2005 frontend: CheckerWrapper.sv
Parsing formal Verilog input from `CheckerWrapper.sv' to AST representation.
Generating RTLIL representation for module `\RiscvTrans'.
Generating RTLIL representation for module `\RiscvCore'.
Generating RTLIL representation for module `\CheckerWithResult'.
Generating RTLIL representation for module `\CheckerWrapper'.
Successfully finished Verilog frontend.

5. Executing PREP pass.

5.1. Executing HIERARCHY pass (managing design hierarchy).

5.1.1. Analyzing design hierarchy..
Top module:  \nerv_extended_wrapper
Used module:     \CheckerWrapper
Used module:         \CheckerWithResult
Used module:             \RiscvCore
Used module:                 \RiscvTrans
Used module:     \nerv

5.1.2. Analyzing design hierarchy..
Top module:  \nerv_extended_wrapper
Used module:     \CheckerWrapper
Used module:         \CheckerWithResult
Used module:             \RiscvCore
Used module:                 \RiscvTrans
Used module:     \nerv
Removed 0 unused modules.
Module CheckerWrapper directly or indirectly contains formal properties -> setting "keep" attribute.
Module CheckerWithResult directly or indirectly contains formal properties -> setting "keep" attribute.
Module nerv_extended_wrapper directly or indirectly contains formal properties -> setting "keep" attribute.

5.2. Executing PROC pass (convert processes to netlists).

5.2.1. Executing PROC_CLEAN pass (remove empty switches from decision trees).
Removing empty process `CheckerWithResult.$proc$CheckerWrapper.sv:8078$6559'.
Cleaned up 0 empty switches.

5.2.2. Executing PROC_RMDEAD pass (remove dead branches from decision trees).
Marked 70 switch rules as full_case in process $proc$CheckerWrapper.sv:6833$6263 in module RiscvCore.
Marked 3 switch rules as full_case in process $proc$nerv.sv:1150$769 in module nerv.
Marked 1 switch rules as full_case in process $proc$nerv.sv:1139$766 in module nerv.
Marked 93 switch rules as full_case in process $proc$nerv.sv:690$376 in module nerv.
Marked 19 switch rules as full_case in process $proc$nerv.sv:667$375 in module nerv.
Marked 1 switch rules as full_case in process $proc$nerv_wrapper.sv:0$82 in module nerv_extended_wrapper.
Marked 1 switch rules as full_case in process $proc$nerv_wrapper.sv:0$77 in module nerv_extended_wrapper.
Marked 1 switch rules as full_case in process $proc$nerv_wrapper.sv:0$72 in module nerv_extended_wrapper.
Removed 2 dead cases from process $proc$nerv_wrapper.sv:0$67 in module nerv_extended_wrapper.
Marked 1 switch rules as full_case in process $proc$nerv_wrapper.sv:0$67 in module nerv_extended_wrapper.
Marked 2 switch rules as full_case in process $proc$nerv_wrapper.sv:395$63 in module nerv_extended_wrapper.
Removed 1 dead cases from process $proc$nerv_wrapper.sv:315$57 in module nerv_extended_wrapper.
Marked 2 switch rules as full_case in process $proc$nerv_wrapper.sv:315$57 in module nerv_extended_wrapper.
Marked 1 switch rules as full_case in process $proc$nerv_wrapper.sv:270$52 in module nerv_extended_wrapper.
Marked 1 switch rules as full_case in process $proc$nerv_wrapper.sv:231$42 in module nerv_extended_wrapper.
Removed a total of 3 dead cases.

5.2.3. Executing PROC_PRUNE pass (remove redundant assignments in processes).
Removed 72 redundant assignments.
Promoted 303 assignments to connections.

5.2.4. Executing PROC_INIT pass (extract init attributes).
Found init rule in `\nerv_extended_wrapper.$proc$nerv_wrapper.sv:85$87'.
  Set init value: \reset = 1'1

5.2.5. Executing PROC_ARST pass (detect async resets in processes).

5.2.6. Executing PROC_ROM pass (convert switches to ROMs).
Converted 0 switches.
<suppressed ~283 debug messages>

5.2.7. Executing PROC_MUX pass (convert decision trees to multiplexers).
Creating decoders for process `\CheckerWithResult.$proc$CheckerWrapper.sv:8831$6560'.
     1/59: $assert$CheckerWrapper.sv:9066$6734_EN
     2/59: $assert$CheckerWrapper.sv:9062$6731_EN
     3/59: $assert$CheckerWrapper.sv:9058$6728_EN
     4/59: $assert$CheckerWrapper.sv:9054$6725_EN
     5/59: $assert$CheckerWrapper.sv:9050$6723_EN
     6/59: $assert$CheckerWrapper.sv:9046$6720_EN
     7/59: $assert$CheckerWrapper.sv:9042$6717_EN
     8/59: $assert$CheckerWrapper.sv:9038$6714_EN
     9/59: $assert$CheckerWrapper.sv:9034$6711_EN
    10/59: $assert$CheckerWrapper.sv:9030$6708_EN
    11/59: $assert$CheckerWrapper.sv:9026$6705_EN
    12/59: $assert$CheckerWrapper.sv:9022$6702_EN
    13/59: $assert$CheckerWrapper.sv:9018$6699_EN
    14/59: $assert$CheckerWrapper.sv:9014$6696_EN
    15/59: $assert$CheckerWrapper.sv:9010$6693_EN
    16/59: $assert$CheckerWrapper.sv:9006$6690_EN
    17/59: $assert$CheckerWrapper.sv:9002$6687_EN
    18/59: $assert$CheckerWrapper.sv:8998$6684_EN
    19/59: $assert$CheckerWrapper.sv:8994$6681_EN
    20/59: $assert$CheckerWrapper.sv:8990$6678_EN
    21/59: $assert$CheckerWrapper.sv:8986$6675_EN
    22/59: $assert$CheckerWrapper.sv:8982$6672_EN
    23/59: $assert$CheckerWrapper.sv:8978$6669_EN
    24/59: $assert$CheckerWrapper.sv:8974$6666_EN
    25/59: $assert$CheckerWrapper.sv:8970$6663_EN
    26/59: $assert$CheckerWrapper.sv:8966$6660_EN
    27/59: $assert$CheckerWrapper.sv:8962$6657_EN
    28/59: $assert$CheckerWrapper.sv:8958$6654_EN
    29/59: $assert$CheckerWrapper.sv:8954$6651_EN
    30/59: $assert$CheckerWrapper.sv:8950$6648_EN
    31/59: $assert$CheckerWrapper.sv:8946$6645_EN
    32/59: $assert$CheckerWrapper.sv:8942$6642_EN
    33/59: $assert$CheckerWrapper.sv:8938$6639_EN
    34/59: $assert$CheckerWrapper.sv:8934$6636_EN
    35/59: $assert$CheckerWrapper.sv:8930$6633_EN
    36/59: $assert$CheckerWrapper.sv:8926$6630_EN
    37/59: $assert$CheckerWrapper.sv:8922$6627_EN
    38/59: $assert$CheckerWrapper.sv:8918$6624_EN
    39/59: $assert$CheckerWrapper.sv:8914$6621_EN
    40/59: $assert$CheckerWrapper.sv:8910$6618_EN
    41/59: $assert$CheckerWrapper.sv:8906$6615_EN
    42/59: $assert$CheckerWrapper.sv:8902$6612_EN
    43/59: $assert$CheckerWrapper.sv:8898$6609_EN
    44/59: $assert$CheckerWrapper.sv:8894$6606_EN
    45/59: $assert$CheckerWrapper.sv:8890$6603_EN
    46/59: $assert$CheckerWrapper.sv:8886$6600_EN
    47/59: $assert$CheckerWrapper.sv:8882$6597_EN
    48/59: $assert$CheckerWrapper.sv:8878$6594_EN
    49/59: $assert$CheckerWrapper.sv:8874$6591_EN
    50/59: $assert$CheckerWrapper.sv:8870$6588_EN
    51/59: $assert$CheckerWrapper.sv:8866$6585_EN
    52/59: $assert$CheckerWrapper.sv:8862$6582_EN
    53/59: $assert$CheckerWrapper.sv:8858$6579_EN
    54/59: $assert$CheckerWrapper.sv:8854$6576_EN
    55/59: $assert$CheckerWrapper.sv:8850$6573_EN
    56/59: $assert$CheckerWrapper.sv:8846$6570_EN
    57/59: $assert$CheckerWrapper.sv:8842$6568_EN
    58/59: $assert$CheckerWrapper.sv:8838$6565_EN
    59/59: $assert$CheckerWrapper.sv:8834$6562_EN
Creating decoders for process `\RiscvCore.$proc$CheckerWrapper.sv:6833$6263'.
     1/70: $0\state_internal_privilegeMode[1:0]
     2/70: $0\state_csr_ILEN[7:0]
     3/70: $0\state_csr_IALIGN[7:0]
     4/70: $0\state_csr_MXLEN[7:0]
     5/70: $0\state_csr_pmpaddr3[31:0]
     6/70: $0\state_csr_pmpaddr2[31:0]
     7/70: $0\state_csr_pmpaddr1[31:0]
     8/70: $0\state_csr_pmpaddr0[31:0]
     9/70: $0\state_csr_pmpcfg3[31:0]
    10/70: $0\state_csr_pmpcfg2[31:0]
    11/70: $0\state_csr_pmpcfg1[31:0]
    12/70: $0\state_csr_pmpcfg0[31:0]
    13/70: $0\state_csr_satp[31:0]
    14/70: $0\state_csr_sscratch[31:0]
    15/70: $0\state_csr_stval[31:0]
    16/70: $0\state_csr_sepc[31:0]
    17/70: $0\state_csr_stvec[31:0]
    18/70: $0\state_csr_scause[31:0]
    19/70: $0\state_csr_scounteren[31:0]
    20/70: $0\state_csr_cycle[31:0]
    21/70: $0\state_csr_mtval[31:0]
    22/70: $0\state_csr_mcause[31:0]
    23/70: $0\state_csr_mepc[31:0]
    24/70: $0\state_csr_mie[31:0]
    25/70: $0\state_csr_mip[31:0]
    26/70: $0\state_csr_mideleg[31:0]
    27/70: $0\state_csr_medeleg[31:0]
    28/70: $0\state_csr_mcounteren[31:0]
    29/70: $0\state_csr_mtvec[31:0]
    30/70: $0\state_csr_mscratch[31:0]
    31/70: $0\state_csr_mstatush[31:0]
    32/70: $0\state_csr_mstatus[31:0]
    33/70: $0\state_csr_mhartid[31:0]
    34/70: $0\state_csr_mimpid[31:0]
    35/70: $0\state_csr_marchid[31:0]
    36/70: $0\state_csr_mvendorid[31:0]
    37/70: $0\state_csr_misa[31:0]
    38/70: $0\state_pc[31:0]
    39/70: $0\state_reg_31[31:0]
    40/70: $0\state_reg_30[31:0]
    41/70: $0\state_reg_29[31:0]
    42/70: $0\state_reg_28[31:0]
    43/70: $0\state_reg_27[31:0]
    44/70: $0\state_reg_26[31:0]
    45/70: $0\state_reg_25[31:0]
    46/70: $0\state_reg_24[31:0]
    47/70: $0\state_reg_23[31:0]
    48/70: $0\state_reg_22[31:0]
    49/70: $0\state_reg_21[31:0]
    50/70: $0\state_reg_20[31:0]
    51/70: $0\state_reg_19[31:0]
    52/70: $0\state_reg_18[31:0]
    53/70: $0\state_reg_17[31:0]
    54/70: $0\state_reg_16[31:0]
    55/70: $0\state_reg_15[31:0]
    56/70: $0\state_reg_14[31:0]
    57/70: $0\state_reg_13[31:0]
    58/70: $0\state_reg_12[31:0]
    59/70: $0\state_reg_11[31:0]
    60/70: $0\state_reg_10[31:0]
    61/70: $0\state_reg_9[31:0]
    62/70: $0\state_reg_8[31:0]
    63/70: $0\state_reg_7[31:0]
    64/70: $0\state_reg_6[31:0]
    65/70: $0\state_reg_5[31:0]
    66/70: $0\state_reg_4[31:0]
    67/70: $0\state_reg_3[31:0]
    68/70: $0\state_reg_2[31:0]
    69/70: $0\state_reg_1[31:0]
    70/70: $0\state_reg_0[31:0]
Creating decoders for process `\nerv.$proc$nerv.sv:1150$769'.
     1/458: $1$memwr$\regfile$nerv.sv:1157$92_EN[31:0]$777
     2/458: $1$memwr$\regfile$nerv.sv:1157$92_DATA[31:0]$776
     3/458: $1$memwr$\regfile$nerv.sv:1157$92_ADDR[4:0]$775
     4/458: $0\rvfi_valid[0:0]
     5/458: $0\pc[31:0]
     6/458: $0\next_rvfi_intr[0:0]
     7/458: $0\rvfi_mem_wdata[31:0]
     8/458: $0\rvfi_mem_rdata[31:0]
     9/458: $0\rvfi_mem_addr[31:0]
    10/458: $0\rvfi_csr_custom_ro_wdata[31:0]
    11/458: $0\rvfi_csr_custom_ro_rdata[31:0]
    12/458: $0\rvfi_csr_custom_ro_wmask[31:0]
    13/458: $0\rvfi_csr_custom_ro_rmask[31:0]
    14/458: $0\rvfi_csr_custom_wdata[31:0]
    15/458: $0\rvfi_csr_custom_rdata[31:0]
    16/458: $0\rvfi_csr_custom_wmask[31:0]
    17/458: $0\rvfi_csr_custom_rmask[31:0]
    18/458: $0\rvfi_csr_mhpmevent31_wdata[31:0]
    19/458: $0\rvfi_csr_mhpmevent31_rdata[31:0]
    20/458: $0\rvfi_csr_mhpmevent31_wmask[31:0]
    21/458: $0\rvfi_csr_mhpmevent31_rmask[31:0]
    22/458: $0\rvfi_csr_mhpmevent30_wdata[31:0]
    23/458: $0\rvfi_csr_mhpmevent30_rdata[31:0]
    24/458: $0\rvfi_csr_mhpmevent30_wmask[31:0]
    25/458: $0\rvfi_csr_mhpmevent30_rmask[31:0]
    26/458: $0\rvfi_csr_mhpmevent29_wdata[31:0]
    27/458: $0\rvfi_csr_mhpmevent29_rdata[31:0]
    28/458: $0\rvfi_csr_mhpmevent29_wmask[31:0]
    29/458: $0\rvfi_csr_mhpmevent29_rmask[31:0]
    30/458: $0\rvfi_csr_mhpmevent28_wdata[31:0]
    31/458: $0\rvfi_csr_mhpmevent28_rdata[31:0]
    32/458: $0\rvfi_csr_mhpmevent28_wmask[31:0]
    33/458: $0\rvfi_csr_mhpmevent28_rmask[31:0]
    34/458: $0\rvfi_csr_mhpmevent27_wdata[31:0]
    35/458: $0\rvfi_csr_mhpmevent27_rdata[31:0]
    36/458: $0\rvfi_csr_mhpmevent27_wmask[31:0]
    37/458: $0\rvfi_csr_mhpmevent27_rmask[31:0]
    38/458: $0\rvfi_csr_mhpmevent26_wdata[31:0]
    39/458: $0\rvfi_csr_mhpmevent26_rdata[31:0]
    40/458: $0\rvfi_csr_mhpmevent26_wmask[31:0]
    41/458: $0\rvfi_csr_mhpmevent26_rmask[31:0]
    42/458: $0\rvfi_csr_mhpmevent25_wdata[31:0]
    43/458: $0\rvfi_csr_mhpmevent25_rdata[31:0]
    44/458: $0\rvfi_csr_mhpmevent25_wmask[31:0]
    45/458: $0\rvfi_csr_mhpmevent25_rmask[31:0]
    46/458: $0\rvfi_csr_mhpmevent24_wdata[31:0]
    47/458: $0\rvfi_csr_mhpmevent24_rdata[31:0]
    48/458: $0\rvfi_csr_mhpmevent24_wmask[31:0]
    49/458: $0\rvfi_csr_mhpmevent24_rmask[31:0]
    50/458: $0\rvfi_csr_mhpmevent23_wdata[31:0]
    51/458: $0\rvfi_csr_mhpmevent23_rdata[31:0]
    52/458: $0\rvfi_csr_mhpmevent23_wmask[31:0]
    53/458: $0\rvfi_csr_mhpmevent23_rmask[31:0]
    54/458: $0\rvfi_csr_mhpmevent22_wdata[31:0]
    55/458: $0\rvfi_csr_mhpmevent22_rdata[31:0]
    56/458: $0\rvfi_csr_mhpmevent22_wmask[31:0]
    57/458: $0\rvfi_csr_mhpmevent22_rmask[31:0]
    58/458: $0\rvfi_csr_mhpmevent21_wdata[31:0]
    59/458: $0\rvfi_csr_mhpmevent21_rdata[31:0]
    60/458: $0\rvfi_csr_mhpmevent21_wmask[31:0]
    61/458: $0\rvfi_csr_mhpmevent21_rmask[31:0]
    62/458: $0\rvfi_csr_mhpmevent20_wdata[31:0]
    63/458: $0\rvfi_csr_mhpmevent20_rdata[31:0]
    64/458: $0\rvfi_csr_mhpmevent20_wmask[31:0]
    65/458: $0\rvfi_csr_mhpmevent20_rmask[31:0]
    66/458: $0\rvfi_csr_mhpmevent19_wdata[31:0]
    67/458: $0\rvfi_csr_mhpmevent19_rdata[31:0]
    68/458: $0\rvfi_csr_mhpmevent19_wmask[31:0]
    69/458: $0\rvfi_csr_mhpmevent19_rmask[31:0]
    70/458: $0\rvfi_csr_mhpmevent18_wdata[31:0]
    71/458: $0\rvfi_csr_mhpmevent18_rdata[31:0]
    72/458: $0\rvfi_csr_mhpmevent18_wmask[31:0]
    73/458: $0\rvfi_csr_mhpmevent18_rmask[31:0]
    74/458: $0\rvfi_csr_mhpmevent17_wdata[31:0]
    75/458: $0\rvfi_csr_mhpmevent17_rdata[31:0]
    76/458: $0\rvfi_csr_mhpmevent17_wmask[31:0]
    77/458: $0\rvfi_csr_mhpmevent17_rmask[31:0]
    78/458: $0\rvfi_csr_mhpmevent16_wdata[31:0]
    79/458: $0\rvfi_csr_mhpmevent16_rdata[31:0]
    80/458: $0\rvfi_csr_mhpmevent16_wmask[31:0]
    81/458: $0\rvfi_csr_mhpmevent16_rmask[31:0]
    82/458: $0\rvfi_csr_mhpmevent15_wdata[31:0]
    83/458: $0\rvfi_csr_mhpmevent15_rdata[31:0]
    84/458: $0\rvfi_csr_mhpmevent15_wmask[31:0]
    85/458: $0\rvfi_csr_mhpmevent15_rmask[31:0]
    86/458: $0\rvfi_csr_mhpmevent14_wdata[31:0]
    87/458: $0\rvfi_csr_mhpmevent14_rdata[31:0]
    88/458: $0\rvfi_csr_mhpmevent14_wmask[31:0]
    89/458: $0\rvfi_csr_mhpmevent14_rmask[31:0]
    90/458: $0\rvfi_csr_mhpmevent13_wdata[31:0]
    91/458: $0\rvfi_csr_mhpmevent13_rdata[31:0]
    92/458: $0\rvfi_csr_mhpmevent13_wmask[31:0]
    93/458: $0\rvfi_csr_mhpmevent13_rmask[31:0]
    94/458: $0\rvfi_csr_mhpmevent12_wdata[31:0]
    95/458: $0\rvfi_csr_mhpmevent12_rdata[31:0]
    96/458: $0\rvfi_csr_mhpmevent12_wmask[31:0]
    97/458: $0\rvfi_csr_mhpmevent12_rmask[31:0]
    98/458: $0\rvfi_csr_mhpmevent11_wdata[31:0]
    99/458: $0\rvfi_csr_mhpmevent11_rdata[31:0]
   100/458: $0\rvfi_csr_mhpmevent11_wmask[31:0]
   101/458: $0\rvfi_csr_mhpmevent11_rmask[31:0]
   102/458: $0\rvfi_csr_mhpmevent10_wdata[31:0]
   103/458: $0\rvfi_csr_mhpmevent10_rdata[31:0]
   104/458: $0\rvfi_csr_mhpmevent10_wmask[31:0]
   105/458: $0\rvfi_csr_mhpmevent10_rmask[31:0]
   106/458: $0\rvfi_csr_mhpmevent9_wdata[31:0]
   107/458: $0\rvfi_csr_mhpmevent9_rdata[31:0]
   108/458: $0\rvfi_csr_mhpmevent9_wmask[31:0]
   109/458: $0\rvfi_csr_mhpmevent9_rmask[31:0]
   110/458: $0\rvfi_csr_mhpmevent8_wdata[31:0]
   111/458: $0\rvfi_csr_mhpmevent8_rdata[31:0]
   112/458: $0\rvfi_csr_mhpmevent8_wmask[31:0]
   113/458: $0\rvfi_csr_mhpmevent8_rmask[31:0]
   114/458: $0\rvfi_csr_mhpmevent7_wdata[31:0]
   115/458: $0\rvfi_csr_mhpmevent7_rdata[31:0]
   116/458: $0\rvfi_csr_mhpmevent7_wmask[31:0]
   117/458: $0\rvfi_csr_mhpmevent7_rmask[31:0]
   118/458: $0\rvfi_csr_mhpmevent6_wdata[31:0]
   119/458: $0\rvfi_csr_mhpmevent6_rdata[31:0]
   120/458: $0\rvfi_csr_mhpmevent6_wmask[31:0]
   121/458: $0\rvfi_csr_mhpmevent6_rmask[31:0]
   122/458: $0\rvfi_csr_mhpmevent5_wdata[31:0]
   123/458: $0\rvfi_csr_mhpmevent5_rdata[31:0]
   124/458: $0\rvfi_csr_mhpmevent5_wmask[31:0]
   125/458: $0\rvfi_csr_mhpmevent5_rmask[31:0]
   126/458: $0\rvfi_csr_mhpmevent4_wdata[31:0]
   127/458: $0\rvfi_csr_mhpmevent4_rdata[31:0]
   128/458: $0\rvfi_csr_mhpmevent4_wmask[31:0]
   129/458: $0\rvfi_csr_mhpmevent4_rmask[31:0]
   130/458: $0\rvfi_csr_mhpmevent3_wdata[31:0]
   131/458: $0\rvfi_csr_mhpmevent3_rdata[31:0]
   132/458: $0\rvfi_csr_mhpmevent3_wmask[31:0]
   133/458: $0\rvfi_csr_mhpmevent3_rmask[31:0]
   134/458: $0\rvfi_csr_mhpmcounter31h_wdata[31:0]
   135/458: $0\rvfi_csr_mhpmcounter31h_rdata[31:0]
   136/458: $0\rvfi_csr_mhpmcounter31h_wmask[31:0]
   137/458: $0\rvfi_csr_mhpmcounter31h_rmask[31:0]
   138/458: $0\rvfi_csr_mhpmcounter30h_wdata[31:0]
   139/458: $0\rvfi_csr_mhpmcounter30h_rdata[31:0]
   140/458: $0\rvfi_csr_mhpmcounter30h_wmask[31:0]
   141/458: $0\rvfi_csr_mhpmcounter30h_rmask[31:0]
   142/458: $0\rvfi_csr_mhpmcounter29h_wdata[31:0]
   143/458: $0\rvfi_csr_mhpmcounter29h_rdata[31:0]
   144/458: $0\rvfi_csr_mhpmcounter29h_wmask[31:0]
   145/458: $0\rvfi_csr_mhpmcounter29h_rmask[31:0]
   146/458: $0\rvfi_csr_mhpmcounter28h_wdata[31:0]
   147/458: $0\rvfi_csr_mhpmcounter28h_rdata[31:0]
   148/458: $0\rvfi_csr_mhpmcounter28h_wmask[31:0]
   149/458: $0\rvfi_csr_mhpmcounter28h_rmask[31:0]
   150/458: $0\rvfi_csr_mhpmcounter27h_wdata[31:0]
   151/458: $0\rvfi_csr_mhpmcounter27h_rdata[31:0]
   152/458: $0\rvfi_csr_mhpmcounter27h_wmask[31:0]
   153/458: $0\rvfi_csr_mhpmcounter27h_rmask[31:0]
   154/458: $0\rvfi_csr_mhpmcounter26h_wdata[31:0]
   155/458: $0\rvfi_csr_mhpmcounter26h_rdata[31:0]
   156/458: $0\rvfi_csr_mhpmcounter26h_wmask[31:0]
   157/458: $0\rvfi_csr_mhpmcounter26h_rmask[31:0]
   158/458: $0\rvfi_csr_mhpmcounter25h_wdata[31:0]
   159/458: $0\rvfi_csr_mhpmcounter25h_rdata[31:0]
   160/458: $0\rvfi_csr_mhpmcounter25h_wmask[31:0]
   161/458: $0\rvfi_csr_mhpmcounter25h_rmask[31:0]
   162/458: $0\rvfi_csr_mhpmcounter24h_wdata[31:0]
   163/458: $0\rvfi_csr_mhpmcounter24h_rdata[31:0]
   164/458: $0\rvfi_csr_mhpmcounter24h_wmask[31:0]
   165/458: $0\rvfi_csr_mhpmcounter24h_rmask[31:0]
   166/458: $0\rvfi_csr_mhpmcounter23h_wdata[31:0]
   167/458: $0\rvfi_csr_mhpmcounter23h_rdata[31:0]
   168/458: $0\rvfi_csr_mhpmcounter23h_wmask[31:0]
   169/458: $0\rvfi_csr_mhpmcounter23h_rmask[31:0]
   170/458: $0\rvfi_csr_mhpmcounter22h_wdata[31:0]
   171/458: $0\rvfi_csr_mhpmcounter22h_rdata[31:0]
   172/458: $0\rvfi_csr_mhpmcounter22h_wmask[31:0]
   173/458: $0\rvfi_csr_mhpmcounter22h_rmask[31:0]
   174/458: $0\rvfi_csr_mhpmcounter21h_wdata[31:0]
   175/458: $0\rvfi_csr_mhpmcounter21h_rdata[31:0]
   176/458: $0\rvfi_csr_mhpmcounter21h_wmask[31:0]
   177/458: $0\rvfi_csr_mhpmcounter21h_rmask[31:0]
   178/458: $0\rvfi_csr_mhpmcounter20h_wdata[31:0]
   179/458: $0\rvfi_csr_mhpmcounter20h_rdata[31:0]
   180/458: $0\rvfi_csr_mhpmcounter20h_wmask[31:0]
   181/458: $0\rvfi_csr_mhpmcounter20h_rmask[31:0]
   182/458: $0\rvfi_csr_mhpmcounter19h_wdata[31:0]
   183/458: $0\rvfi_csr_mhpmcounter19h_rdata[31:0]
   184/458: $0\rvfi_csr_mhpmcounter19h_wmask[31:0]
   185/458: $0\rvfi_csr_mhpmcounter19h_rmask[31:0]
   186/458: $0\rvfi_csr_mhpmcounter18h_wdata[31:0]
   187/458: $0\rvfi_csr_mhpmcounter18h_rdata[31:0]
   188/458: $0\rvfi_csr_mhpmcounter18h_wmask[31:0]
   189/458: $0\rvfi_csr_mhpmcounter18h_rmask[31:0]
   190/458: $0\rvfi_csr_mhpmcounter17h_wdata[31:0]
   191/458: $0\rvfi_csr_mhpmcounter17h_rdata[31:0]
   192/458: $0\rvfi_csr_mhpmcounter17h_wmask[31:0]
   193/458: $0\rvfi_csr_mhpmcounter17h_rmask[31:0]
   194/458: $0\rvfi_csr_mhpmcounter16h_wdata[31:0]
   195/458: $0\rvfi_csr_mhpmcounter16h_rdata[31:0]
   196/458: $0\rvfi_csr_mhpmcounter16h_wmask[31:0]
   197/458: $0\rvfi_csr_mhpmcounter16h_rmask[31:0]
   198/458: $0\rvfi_csr_mhpmcounter15h_wdata[31:0]
   199/458: $0\rvfi_csr_mhpmcounter15h_rdata[31:0]
   200/458: $0\rvfi_csr_mhpmcounter15h_wmask[31:0]
   201/458: $0\rvfi_csr_mhpmcounter15h_rmask[31:0]
   202/458: $0\rvfi_csr_mhpmcounter14h_wdata[31:0]
   203/458: $0\rvfi_csr_mhpmcounter14h_rdata[31:0]
   204/458: $0\rvfi_csr_mhpmcounter14h_wmask[31:0]
   205/458: $0\rvfi_csr_mhpmcounter14h_rmask[31:0]
   206/458: $0\rvfi_csr_mhpmcounter13h_wdata[31:0]
   207/458: $0\rvfi_csr_mhpmcounter13h_rdata[31:0]
   208/458: $0\rvfi_csr_mhpmcounter13h_wmask[31:0]
   209/458: $0\rvfi_csr_mhpmcounter13h_rmask[31:0]
   210/458: $0\rvfi_csr_mhpmcounter12h_wdata[31:0]
   211/458: $0\rvfi_csr_mhpmcounter12h_rdata[31:0]
   212/458: $0\rvfi_csr_mhpmcounter12h_wmask[31:0]
   213/458: $0\rvfi_csr_mhpmcounter12h_rmask[31:0]
   214/458: $0\rvfi_csr_mhpmcounter11h_wdata[31:0]
   215/458: $0\rvfi_csr_mhpmcounter11h_rdata[31:0]
   216/458: $0\rvfi_csr_mhpmcounter11h_wmask[31:0]
   217/458: $0\rvfi_csr_mhpmcounter11h_rmask[31:0]
   218/458: $0\rvfi_csr_mhpmcounter10h_wdata[31:0]
   219/458: $0\rvfi_csr_mhpmcounter10h_rdata[31:0]
   220/458: $0\rvfi_csr_mhpmcounter10h_wmask[31:0]
   221/458: $0\rvfi_csr_mhpmcounter10h_rmask[31:0]
   222/458: $0\rvfi_csr_mhpmcounter9h_wdata[31:0]
   223/458: $0\rvfi_csr_mhpmcounter9h_rdata[31:0]
   224/458: $0\rvfi_csr_mhpmcounter9h_wmask[31:0]
   225/458: $0\rvfi_csr_mhpmcounter9h_rmask[31:0]
   226/458: $0\rvfi_csr_mhpmcounter8h_wdata[31:0]
   227/458: $0\rvfi_csr_mhpmcounter8h_rdata[31:0]
   228/458: $0\rvfi_csr_mhpmcounter8h_wmask[31:0]
   229/458: $0\rvfi_csr_mhpmcounter8h_rmask[31:0]
   230/458: $0\rvfi_csr_mhpmcounter7h_wdata[31:0]
   231/458: $0\rvfi_csr_mhpmcounter7h_rdata[31:0]
   232/458: $0\rvfi_csr_mhpmcounter7h_wmask[31:0]
   233/458: $0\rvfi_csr_mhpmcounter7h_rmask[31:0]
   234/458: $0\rvfi_csr_mhpmcounter6h_wdata[31:0]
   235/458: $0\rvfi_csr_mhpmcounter6h_rdata[31:0]
   236/458: $0\rvfi_csr_mhpmcounter6h_wmask[31:0]
   237/458: $0\rvfi_csr_mhpmcounter6h_rmask[31:0]
   238/458: $0\rvfi_csr_mhpmcounter5h_wdata[31:0]
   239/458: $0\rvfi_csr_mhpmcounter5h_rdata[31:0]
   240/458: $0\rvfi_csr_mhpmcounter5h_wmask[31:0]
   241/458: $0\rvfi_csr_mhpmcounter5h_rmask[31:0]
   242/458: $0\rvfi_csr_mhpmcounter4h_wdata[31:0]
   243/458: $0\rvfi_csr_mhpmcounter4h_rdata[31:0]
   244/458: $0\rvfi_csr_mhpmcounter4h_wmask[31:0]
   245/458: $0\rvfi_csr_mhpmcounter4h_rmask[31:0]
   246/458: $0\rvfi_csr_mhpmcounter3h_wdata[31:0]
   247/458: $0\rvfi_csr_mhpmcounter3h_rdata[31:0]
   248/458: $0\rvfi_csr_mhpmcounter3h_wmask[31:0]
   249/458: $0\rvfi_csr_mhpmcounter3h_rmask[31:0]
   250/458: $0\rvfi_csr_minstreth_wdata[31:0]
   251/458: $0\rvfi_csr_minstreth_rdata[31:0]
   252/458: $0\rvfi_csr_minstreth_wmask[31:0]
   253/458: $0\rvfi_csr_minstreth_rmask[31:0]
   254/458: $0\rvfi_csr_mcycleh_wdata[31:0]
   255/458: $0\rvfi_csr_mcycleh_rdata[31:0]
   256/458: $0\rvfi_csr_mcycleh_wmask[31:0]
   257/458: $0\rvfi_csr_mcycleh_rmask[31:0]
   258/458: $0\rvfi_csr_mhpmcounter31_wdata[31:0]
   259/458: $0\rvfi_csr_mhpmcounter31_rdata[31:0]
   260/458: $0\rvfi_csr_mhpmcounter31_wmask[31:0]
   261/458: $0\rvfi_csr_mhpmcounter31_rmask[31:0]
   262/458: $0\rvfi_csr_mhpmcounter30_wdata[31:0]
   263/458: $0\rvfi_csr_mhpmcounter30_rdata[31:0]
   264/458: $0\rvfi_csr_mhpmcounter30_wmask[31:0]
   265/458: $0\rvfi_csr_mhpmcounter30_rmask[31:0]
   266/458: $0\rvfi_csr_mhpmcounter29_wdata[31:0]
   267/458: $0\rvfi_csr_mhpmcounter29_rdata[31:0]
   268/458: $0\rvfi_csr_mhpmcounter29_wmask[31:0]
   269/458: $0\rvfi_csr_mhpmcounter29_rmask[31:0]
   270/458: $0\rvfi_csr_mhpmcounter28_wdata[31:0]
   271/458: $0\rvfi_csr_mhpmcounter28_rdata[31:0]
   272/458: $0\rvfi_csr_mhpmcounter28_wmask[31:0]
   273/458: $0\rvfi_csr_mhpmcounter28_rmask[31:0]
   274/458: $0\rvfi_csr_mhpmcounter27_wdata[31:0]
   275/458: $0\rvfi_csr_mhpmcounter27_rdata[31:0]
   276/458: $0\rvfi_csr_mhpmcounter27_wmask[31:0]
   277/458: $0\rvfi_csr_mhpmcounter27_rmask[31:0]
   278/458: $0\rvfi_csr_mhpmcounter26_wdata[31:0]
   279/458: $0\rvfi_csr_mhpmcounter26_rdata[31:0]
   280/458: $0\rvfi_csr_mhpmcounter26_wmask[31:0]
   281/458: $0\rvfi_csr_mhpmcounter26_rmask[31:0]
   282/458: $0\rvfi_csr_mhpmcounter25_wdata[31:0]
   283/458: $0\rvfi_csr_mhpmcounter25_rdata[31:0]
   284/458: $0\rvfi_csr_mhpmcounter25_wmask[31:0]
   285/458: $0\rvfi_csr_mhpmcounter25_rmask[31:0]
   286/458: $0\rvfi_csr_mhpmcounter24_wdata[31:0]
   287/458: $0\rvfi_csr_mhpmcounter24_rdata[31:0]
   288/458: $0\rvfi_csr_mhpmcounter24_wmask[31:0]
   289/458: $0\rvfi_csr_mhpmcounter24_rmask[31:0]
   290/458: $0\rvfi_csr_mhpmcounter23_wdata[31:0]
   291/458: $0\rvfi_csr_mhpmcounter23_rdata[31:0]
   292/458: $0\rvfi_csr_mhpmcounter23_wmask[31:0]
   293/458: $0\rvfi_csr_mhpmcounter23_rmask[31:0]
   294/458: $0\rvfi_csr_mhpmcounter22_wdata[31:0]
   295/458: $0\rvfi_csr_mhpmcounter22_rdata[31:0]
   296/458: $0\rvfi_csr_mhpmcounter22_wmask[31:0]
   297/458: $0\rvfi_csr_mhpmcounter22_rmask[31:0]
   298/458: $0\rvfi_csr_mhpmcounter21_wdata[31:0]
   299/458: $0\rvfi_csr_mhpmcounter21_rdata[31:0]
   300/458: $0\rvfi_csr_mhpmcounter21_wmask[31:0]
   301/458: $0\rvfi_csr_mhpmcounter21_rmask[31:0]
   302/458: $0\rvfi_csr_mhpmcounter20_wdata[31:0]
   303/458: $0\rvfi_csr_mhpmcounter20_rdata[31:0]
   304/458: $0\rvfi_csr_mhpmcounter20_wmask[31:0]
   305/458: $0\rvfi_csr_mhpmcounter20_rmask[31:0]
   306/458: $0\rvfi_csr_mhpmcounter19_wdata[31:0]
   307/458: $0\rvfi_csr_mhpmcounter19_rdata[31:0]
   308/458: $0\rvfi_csr_mhpmcounter19_wmask[31:0]
   309/458: $0\rvfi_csr_mhpmcounter19_rmask[31:0]
   310/458: $0\rvfi_csr_mhpmcounter18_wdata[31:0]
   311/458: $0\rvfi_csr_mhpmcounter18_rdata[31:0]
   312/458: $0\rvfi_csr_mhpmcounter18_wmask[31:0]
   313/458: $0\rvfi_csr_mhpmcounter18_rmask[31:0]
   314/458: $0\rvfi_csr_mhpmcounter17_wdata[31:0]
   315/458: $0\rvfi_csr_mhpmcounter17_rdata[31:0]
   316/458: $0\rvfi_csr_mhpmcounter17_wmask[31:0]
   317/458: $0\rvfi_csr_mhpmcounter17_rmask[31:0]
   318/458: $0\rvfi_csr_mhpmcounter16_wdata[31:0]
   319/458: $0\rvfi_csr_mhpmcounter16_rdata[31:0]
   320/458: $0\rvfi_csr_mhpmcounter16_wmask[31:0]
   321/458: $0\rvfi_csr_mhpmcounter16_rmask[31:0]
   322/458: $0\rvfi_csr_mhpmcounter15_wdata[31:0]
   323/458: $0\rvfi_csr_mhpmcounter15_rdata[31:0]
   324/458: $0\rvfi_csr_mhpmcounter15_wmask[31:0]
   325/458: $0\rvfi_csr_mhpmcounter15_rmask[31:0]
   326/458: $0\rvfi_csr_mhpmcounter14_wdata[31:0]
   327/458: $0\rvfi_csr_mhpmcounter14_rdata[31:0]
   328/458: $0\rvfi_csr_mhpmcounter14_wmask[31:0]
   329/458: $0\rvfi_csr_mhpmcounter14_rmask[31:0]
   330/458: $0\rvfi_csr_mhpmcounter13_wdata[31:0]
   331/458: $0\rvfi_csr_mhpmcounter13_rdata[31:0]
   332/458: $0\rvfi_csr_mhpmcounter13_wmask[31:0]
   333/458: $0\rvfi_csr_mhpmcounter13_rmask[31:0]
   334/458: $0\rvfi_csr_mhpmcounter12_wdata[31:0]
   335/458: $0\rvfi_csr_mhpmcounter12_rdata[31:0]
   336/458: $0\rvfi_csr_mhpmcounter12_wmask[31:0]
   337/458: $0\rvfi_csr_mhpmcounter12_rmask[31:0]
   338/458: $0\rvfi_csr_mhpmcounter11_wdata[31:0]
   339/458: $0\rvfi_csr_mhpmcounter11_rdata[31:0]
   340/458: $0\rvfi_csr_mhpmcounter11_wmask[31:0]
   341/458: $0\rvfi_csr_mhpmcounter11_rmask[31:0]
   342/458: $0\rvfi_csr_mhpmcounter10_wdata[31:0]
   343/458: $0\rvfi_csr_mhpmcounter10_rdata[31:0]
   344/458: $0\rvfi_csr_mhpmcounter10_wmask[31:0]
   345/458: $0\rvfi_csr_mhpmcounter10_rmask[31:0]
   346/458: $0\rvfi_csr_mhpmcounter9_wdata[31:0]
   347/458: $0\rvfi_csr_mhpmcounter9_rdata[31:0]
   348/458: $0\rvfi_csr_mhpmcounter9_wmask[31:0]
   349/458: $0\rvfi_csr_mhpmcounter9_rmask[31:0]
   350/458: $0\rvfi_csr_mhpmcounter8_wdata[31:0]
   351/458: $0\rvfi_csr_mhpmcounter8_rdata[31:0]
   352/458: $0\rvfi_csr_mhpmcounter8_wmask[31:0]
   353/458: $0\rvfi_csr_mhpmcounter8_rmask[31:0]
   354/458: $0\rvfi_csr_mhpmcounter7_wdata[31:0]
   355/458: $0\rvfi_csr_mhpmcounter7_rdata[31:0]
   356/458: $0\rvfi_csr_mhpmcounter7_wmask[31:0]
   357/458: $0\rvfi_csr_mhpmcounter7_rmask[31:0]
   358/458: $0\rvfi_csr_mhpmcounter6_wdata[31:0]
   359/458: $0\rvfi_csr_mhpmcounter6_rdata[31:0]
   360/458: $0\rvfi_csr_mhpmcounter6_wmask[31:0]
   361/458: $0\rvfi_csr_mhpmcounter6_rmask[31:0]
   362/458: $0\rvfi_csr_mhpmcounter5_wdata[31:0]
   363/458: $0\rvfi_csr_mhpmcounter5_rdata[31:0]
   364/458: $0\rvfi_csr_mhpmcounter5_wmask[31:0]
   365/458: $0\rvfi_csr_mhpmcounter5_rmask[31:0]
   366/458: $0\rvfi_csr_mhpmcounter4_wdata[31:0]
   367/458: $0\rvfi_csr_mhpmcounter4_rdata[31:0]
   368/458: $0\rvfi_csr_mhpmcounter4_wmask[31:0]
   369/458: $0\rvfi_csr_mhpmcounter4_rmask[31:0]
   370/458: $0\rvfi_csr_mhpmcounter3_wdata[31:0]
   371/458: $0\rvfi_csr_mhpmcounter3_rdata[31:0]
   372/458: $0\rvfi_csr_mhpmcounter3_wmask[31:0]
   373/458: $0\rvfi_csr_mhpmcounter3_rmask[31:0]
   374/458: $0\rvfi_csr_minstret_wdata[31:0]
   375/458: $0\rvfi_csr_minstret_rdata[31:0]
   376/458: $0\rvfi_csr_minstret_wmask[31:0]
   377/458: $0\rvfi_csr_minstret_rmask[31:0]
   378/458: $0\rvfi_csr_mcycle_wdata[31:0]
   379/458: $0\rvfi_csr_mcycle_rdata[31:0]
   380/458: $0\rvfi_csr_mcycle_wmask[31:0]
   381/458: $0\rvfi_csr_mcycle_rmask[31:0]
   382/458: $0\rvfi_csr_mip_wdata[31:0]
   383/458: $0\rvfi_csr_mip_rdata[31:0]
   384/458: $0\rvfi_csr_mip_wmask[31:0]
   385/458: $0\rvfi_csr_mip_rmask[31:0]
   386/458: $0\rvfi_csr_mtval_wdata[31:0]
   387/458: $0\rvfi_csr_mtval_wmask[31:0]
   388/458: $0\rvfi_csr_mtval_rmask[31:0]
   389/458: $0\rvfi_csr_mcause_wdata[31:0]
   390/458: $0\rvfi_csr_mcause_rdata[31:0]
   391/458: $0\rvfi_csr_mcause_wmask[31:0]
   392/458: $0\rvfi_csr_mcause_rmask[31:0]
   393/458: $0\rvfi_csr_mepc_wdata[31:0]
   394/458: $0\rvfi_csr_mepc_wmask[31:0]
   395/458: $0\rvfi_csr_mepc_rmask[31:0]
   396/458: $0\rvfi_csr_mscratch_wdata[31:0]
   397/458: $0\rvfi_csr_mscratch_wmask[31:0]
   398/458: $0\rvfi_csr_mscratch_rmask[31:0]
   399/458: $0\rvfi_csr_mstatush_wdata[31:0]
   400/458: $0\rvfi_csr_mstatush_rdata[31:0]
   401/458: $0\rvfi_csr_mstatush_wmask[31:0]
   402/458: $0\rvfi_csr_mstatush_rmask[31:0]
   403/458: $0\rvfi_csr_mtvec_wdata[31:0]
   404/458: $0\rvfi_csr_mtvec_wmask[31:0]
   405/458: $0\rvfi_csr_mtvec_rmask[31:0]
   406/458: $0\rvfi_csr_mie_wdata[31:0]
   407/458: $0\rvfi_csr_mie_rdata[31:0]
   408/458: $0\rvfi_csr_mie_wmask[31:0]
   409/458: $0\rvfi_csr_mie_rmask[31:0]
   410/458: $0\rvfi_csr_misa_wdata[31:0]
   411/458: $0\rvfi_csr_misa_rdata[31:0]
   412/458: $0\rvfi_csr_misa_wmask[31:0]
   413/458: $0\rvfi_csr_misa_rmask[31:0]
   414/458: $0\rvfi_csr_mstatus_wdata[31:0]
   415/458: $0\rvfi_csr_mstatus_rdata[31:0]
   416/458: $0\rvfi_csr_mstatus_wmask[31:0]
   417/458: $0\rvfi_csr_mstatus_rmask[31:0]
   418/458: $0\rvfi_csr_mconfigptr_wdata[31:0]
   419/458: $0\rvfi_csr_mconfigptr_rdata[31:0]
   420/458: $0\rvfi_csr_mconfigptr_wmask[31:0]
   421/458: $0\rvfi_csr_mconfigptr_rmask[31:0]
   422/458: $0\rvfi_csr_mhartid_wdata[31:0]
   423/458: $0\rvfi_csr_mhartid_wmask[31:0]
   424/458: $0\rvfi_csr_mhartid_rmask[31:0]
   425/458: $0\rvfi_csr_mimpid_wdata[31:0]
   426/458: $0\rvfi_csr_mimpid_wmask[31:0]
   427/458: $0\rvfi_csr_mimpid_rmask[31:0]
   428/458: $0\rvfi_csr_marchid_wdata[31:0]
   429/458: $0\rvfi_csr_marchid_wmask[31:0]
   430/458: $0\rvfi_csr_marchid_rmask[31:0]
   431/458: $0\rvfi_csr_mvendorid_wdata[31:0]
   432/458: $0\rvfi_csr_mvendorid_wmask[31:0]
   433/458: $0\rvfi_csr_mvendorid_rmask[31:0]
   434/458: $0\rvfi_pc_wdata[31:0]
   435/458: $0\rvfi_rs2_rdata[31:0]
   436/458: $0\rvfi_rs1_rdata[31:0]
   437/458: $0\rvfi_rs2_addr[4:0]
   438/458: $0\rvfi_rs1_addr[4:0]
   439/458: $0\rvfi_ixl[1:0]
   440/458: $0\rvfi_intr[0:0]
   441/458: $0\rvfi_halt[0:0]
   442/458: $0\rvfi_insn[31:0]
   443/458: $0\rvfi_order[63:0]
   444/458: $0\rvfi_csr_mepc_rdata[31:0]
   445/458: $0\rvfi_csr_mtval_rdata[31:0]
   446/458: $0\rvfi_pc_rdata[31:0]
   447/458: $0\rvfi_csr_mtvec_rdata[31:0]
   448/458: $0\rvfi_csr_mscratch_rdata[31:0]
   449/458: $0\rvfi_csr_mhartid_rdata[31:0]
   450/458: $0\rvfi_csr_mimpid_rdata[31:0]
   451/458: $0\rvfi_csr_marchid_rdata[31:0]
   452/458: $0\rvfi_csr_mvendorid_rdata[31:0]
   453/458: $0\rvfi_mode[1:0]
   454/458: $0\rvfi_rd_wdata[31:0]
   455/458: $0\rvfi_rd_addr[4:0]
   456/458: $0\rvfi_trap[0:0]
   457/458: $0\rvfi_mem_wmask[3:0]
   458/458: $0\rvfi_mem_rmask[3:0]
Creating decoders for process `\nerv.$proc$nerv.sv:1139$766'.
     1/1: $1\mem_rdata[31:0]
Creating decoders for process `\nerv.$proc$nerv.sv:690$376'.
     1/225: $3\mem_wr_enable[0:0]
     2/225: $3\mem_rd_enable[0:0]
     3/225: $7\next_wr[0:0]
     4/225: $15\csr_mstatus_next[3:3]
     5/225: $16\csr_mstatus_next[7:7]
     6/225: $5\csr_mcause_wdata[31:0]
     7/225: $8\csr_mcause_next[31:0]
     8/225: $20\npc[31:0]
     9/225: $8\csr_mepc_next[31:2]
    10/225: $5\cycle_trap[0:0]
    11/225: $5\cycle_insn[0:0]
    12/225: $7\csr_mepc_next[31:0] [31:2]
    13/225: $7\csr_mepc_next[31:0] [1:0]
    14/225: $4\cycle_intr[0:0]
    15/225: $13\csr_mstatus_next[3:3]
    16/225: $14\csr_mstatus_next[7:7]
    17/225: $18\npc[31:0]
    18/225: $7\csr_mcause_next[31:0]
    19/225: $19\npc[31:0]
    20/225: $4\csr_mcause_wdata[31:0]
    21/225: $4\cycle_trap[0:0]
    22/225: $4\cycle_insn[0:0]
    23/225: $9\next_rd[31:0]
    24/225: $3\wr_rd[4:0]
    25/225: $3\cycle_late_wr[0:0]
    26/225: $17\npc[31:0]
    27/225: $6\csr_mcause_next[31:0]
    28/225: $3\csr_mcause_wdata[31:0]
    29/225: $6\csr_mepc_next[31:0]
    30/225: $12\csr_mstatus_next[7:7]
    31/225: $11\csr_mstatus_next[3:3]
    32/225: $3\cycle_trap[0:0]
    33/225: $3\cycle_insn[0:0]
    34/225: $3\cycle_intr[0:0]
    35/225: $16\npc[31:0]
    36/225: $5\csr_mcause_next[31:0]
    37/225: $2\csr_mcause_wdata[31:0]
    38/225: $5\csr_mepc_next[31:0]
    39/225: $10\csr_mstatus_next[7:7]
    40/225: $9\csr_mstatus_next[3:3]
    41/225: $2\cycle_late_wr[0:0]
    42/225: $2\cycle_trap[0:0]
    43/225: $2\cycle_insn[0:0]
    44/225: $2\cycle_intr[0:0]
    45/225: $2\wr_rd[4:0]
    46/225: $8\next_rd[31:0]
    47/225: $7\csr_mstatus_next[3:3]
    48/225: $15\npc[31:0]
    49/225: $4\csr_mcause_next[31:0]
    50/225: $1\csr_mcause_wdata[31:0]
    51/225: $4\csr_mepc_next[31:0]
    52/225: $8\csr_mstatus_next[7:7]
    53/225: $1\cycle_late_wr[0:0]
    54/225: $1\cycle_trap[0:0]
    55/225: $1\cycle_insn[0:0]
    56/225: $1\cycle_intr[0:0]
    57/225: $1\wr_rd[4:0]
    58/225: $7\next_rd[31:0]
    59/225: $6\next_rd[31:0]
    60/225: $6\next_wr[0:0]
    61/225: $13\illinsn[0:0]
    62/225: $5\csr_mstatus_next[3:3]
    63/225: $6\csr_mstatus_next[7:7]
    64/225: $3\csr_mcause_next[31:0]
    65/225: $14\npc[31:0]
    66/225: $3\csr_mepc_next[31:0]
    67/225: $12\illinsn[0:0]
    68/225: $2\csr_mcause_next[31:0]
    69/225: $2\csr_mepc_next[31:0]
    70/225: $4\csr_mstatus_next[7:7]
    71/225: $3\csr_mstatus_next[3:3]
    72/225: $11\illinsn[0:0]
    73/225: $13\npc[31:0]
    74/225: $5\next_rd[31:0]
    75/225: $5\next_wr[0:0]
    76/225: $4\next_rd[31:0]
    77/225: $4\next_wr[0:0]
    78/225: $10\illinsn[0:0]
    79/225: $3\next_rd[31:0]
    80/225: $3\next_wr[0:0]
    81/225: $9\illinsn[0:0]
    82/225: $3\mem_wr_strb[3:0]
    83/225: $2\mem_wr_addr[31:0]
    84/225: $2\mem_wr_strb[3:0]
    85/225: $2\mem_wr_data[31:0]
    86/225: $2\mem_wr_enable[0:0]
    87/225: $8\illinsn[0:0]
    88/225: $2\mem_rd_addr[31:0]
    89/225: $2\mem_rd_func[4:0]
    90/225: $2\mem_rd_reg[4:0]
    91/225: $2\mem_rd_enable[0:0]
    92/225: $7\illinsn[0:0]
    93/225: $12\npc[31:0]
    94/225: $6\illinsn[0:0]
    95/225: $11\npc[31:0]
    96/225: $10\npc[31:0]
    97/225: $9\npc[31:0]
    98/225: $8\npc[31:0]
    99/225: $7\npc[31:0]
   100/225: $6\npc[31:0]
   101/225: $5\npc[31:0]
   102/225: $5\illinsn[0:0]
   103/225: $4\npc[31:0]
   104/225: $4\illinsn[0:0]
   105/225: $3\npc[31:0]
   106/225: $2\next_rd[31:0]
   107/225: $2\next_wr[0:0]
   108/225: $3\illinsn[0:0]
   109/225: $2\npc[31:0]
   110/225: $2\illinsn[0:0]
   111/225: $1\next_rd[31:0]
   112/225: $1\next_wr[0:0]
   113/225: $1\csr_mcause_next[31:0]
   114/225: $1\csr_mepc_next[31:0]
   115/225: $2\csr_mstatus_next[7:7]
   116/225: $1\csr_mstatus_next[3:3]
   117/225: $1\illinsn[0:0]
   118/225: $1\mem_rd_func[4:0]
   119/225: $1\mem_rd_reg[4:0]
   120/225: $1\mem_rd_addr[31:0]
   121/225: $1\mem_rd_enable[0:0]
   122/225: $1\mem_wr_strb[3:0]
   123/225: $1\mem_wr_data[31:0]
   124/225: $1\mem_wr_addr[31:0]
   125/225: $1\mem_wr_enable[0:0]
   126/225: $1\npc[31:0]
   127/225: $32\hpm_increment[31:0]
   128/225: $32\csr_hpm_event_next[1023:992]
   129/225: $32\hpm_event[31:0]
   130/225: $31\hpm_increment[31:0]
   131/225: $31\csr_hpm_event_next[991:960]
   132/225: $31\hpm_event[31:0]
   133/225: $30\hpm_increment[31:0]
   134/225: $30\csr_hpm_event_next[959:928]
   135/225: $30\hpm_event[31:0]
   136/225: $29\hpm_increment[31:0]
   137/225: $29\csr_hpm_event_next[927:896]
   138/225: $29\hpm_event[31:0]
   139/225: $28\hpm_increment[31:0]
   140/225: $28\csr_hpm_event_next[895:864]
   141/225: $28\hpm_event[31:0]
   142/225: $27\hpm_increment[31:0]
   143/225: $27\csr_hpm_event_next[863:832]
   144/225: $27\hpm_event[31:0]
   145/225: $26\hpm_increment[31:0]
   146/225: $26\csr_hpm_event_next[831:800]
   147/225: $26\hpm_event[31:0]
   148/225: $25\hpm_increment[31:0]
   149/225: $25\csr_hpm_event_next[799:768]
   150/225: $25\hpm_event[31:0]
   151/225: $24\hpm_increment[31:0]
   152/225: $24\csr_hpm_event_next[767:736]
   153/225: $24\hpm_event[31:0]
   154/225: $23\hpm_increment[31:0]
   155/225: $23\csr_hpm_event_next[735:704]
   156/225: $23\hpm_event[31:0]
   157/225: $22\hpm_increment[31:0]
   158/225: $22\csr_hpm_event_next[703:672]
   159/225: $22\hpm_event[31:0]
   160/225: $21\hpm_increment[31:0]
   161/225: $21\csr_hpm_event_next[671:640]
   162/225: $21\hpm_event[31:0]
   163/225: $20\hpm_increment[31:0]
   164/225: $20\csr_hpm_event_next[639:608]
   165/225: $20\hpm_event[31:0]
   166/225: $19\hpm_increment[31:0]
   167/225: $19\csr_hpm_event_next[607:576]
   168/225: $19\hpm_event[31:0]
   169/225: $18\hpm_increment[31:0]
   170/225: $18\csr_hpm_event_next[575:544]
   171/225: $18\hpm_event[31:0]
   172/225: $17\hpm_increment[31:0]
   173/225: $17\csr_hpm_event_next[543:512]
   174/225: $17\hpm_event[31:0]
   175/225: $16\hpm_increment[31:0]
   176/225: $16\csr_hpm_event_next[511:480]
   177/225: $16\hpm_event[31:0]
   178/225: $15\hpm_increment[31:0]
   179/225: $15\csr_hpm_event_next[479:448]
   180/225: $15\hpm_event[31:0]
   181/225: $14\hpm_increment[31:0]
   182/225: $14\csr_hpm_event_next[447:416]
   183/225: $14\hpm_event[31:0]
   184/225: $13\hpm_increment[31:0]
   185/225: $13\csr_hpm_event_next[415:384]
   186/225: $13\hpm_event[31:0]
   187/225: $12\hpm_increment[31:0]
   188/225: $12\csr_hpm_event_next[383:352]
   189/225: $12\hpm_event[31:0]
   190/225: $11\hpm_increment[31:0]
   191/225: $11\csr_hpm_event_next[351:320]
   192/225: $11\hpm_event[31:0]
   193/225: $10\hpm_increment[31:0]
   194/225: $10\csr_hpm_event_next[319:288]
   195/225: $10\hpm_event[31:0]
   196/225: $9\hpm_increment[31:0]
   197/225: $9\csr_hpm_event_next[287:256]
   198/225: $9\hpm_event[31:0]
   199/225: $8\hpm_increment[31:0]
   200/225: $8\csr_hpm_event_next[255:224]
   201/225: $8\hpm_event[31:0]
   202/225: $7\hpm_increment[31:0]
   203/225: $7\csr_hpm_event_next[223:192]
   204/225: $7\hpm_event[31:0]
   205/225: $6\hpm_increment[31:0]
   206/225: $6\csr_hpm_event_next[191:160]
   207/225: $6\hpm_event[31:0]
   208/225: $5\hpm_increment[31:0]
   209/225: $5\csr_hpm_event_next[159:128]
   210/225: $5\hpm_event[31:0]
   211/225: $4\hpm_increment[31:0]
   212/225: $4\csr_hpm_event_next[127:96]
   213/225: $4\hpm_event[31:0]
   214/225: $3\hpm_increment[31:0]
   215/225: $3\csr_hpm_event_next[95:64]
   216/225: $3\hpm_event[31:0]
   217/225: $2\hpm_increment[31:0]
   218/225: $2\csr_hpm_event_next[63:32]
   219/225: $2\hpm_event[31:0]
   220/225: $1\hpm_increment[31:0]
   221/225: $1\csr_hpm_event_next[31:0]
   222/225: $1\hpm_event[31:0]
   223/225: $1\csr_next[31:0]
   224/225: $1\csr_rdval[31:0]
   225/225: $1\csr_ack[0:0]
Creating decoders for process `\nerv.$proc$nerv.sv:667$375'.
     1/19: $19\irq_num[4:0]
     2/19: $18\irq_num[4:0]
     3/19: $17\irq_num[4:0]
     4/19: $16\irq_num[4:0]
     5/19: $15\irq_num[4:0]
     6/19: $14\irq_num[4:0]
     7/19: $13\irq_num[4:0]
     8/19: $12\irq_num[4:0]
     9/19: $11\irq_num[4:0]
    10/19: $10\irq_num[4:0]
    11/19: $9\irq_num[4:0]
    12/19: $8\irq_num[4:0]
    13/19: $7\irq_num[4:0]
    14/19: $6\irq_num[4:0]
    15/19: $5\irq_num[4:0]
    16/19: $4\irq_num[4:0]
    17/19: $3\irq_num[4:0]
    18/19: $2\irq_num[4:0]
    19/19: $1\irq_num[4:0]
Creating decoders for process `\nerv.$proc$nerv.sv:654$370'.
     1/1: $0\csr_custom_value[31:0]
Creating decoders for process `\nerv.$proc$nerv.sv:654$308'.
     1/1: $0\csr_hpm_event_value[1023:0]
Creating decoders for process `\nerv.$proc$nerv.sv:654$244'.
     1/1: $0\csr_hpm_counterh_value[1023:0]
Creating decoders for process `\nerv.$proc$nerv.sv:654$180'.
     1/1: $0\csr_hpm_counter_value[1023:0]
Creating decoders for process `\nerv.$proc$nerv.sv:654$178'.
     1/1: $0\csr_mip_value[31:0]
Creating decoders for process `\nerv.$proc$nerv.sv:654$174'.
     1/1: $0\csr_mtval_value[31:0]
Creating decoders for process `\nerv.$proc$nerv.sv:654$170'.
     1/1: $0\csr_mcause_value[31:0]
Creating decoders for process `\nerv.$proc$nerv.sv:654$166'.
     1/1: $0\csr_mepc_value[31:0]
Creating decoders for process `\nerv.$proc$nerv.sv:654$162'.
     1/1: $0\csr_mscratch_value[31:0]
Creating decoders for process `\nerv.$proc$nerv.sv:654$158'.
     1/1: $0\csr_mstatush_value[31:0]
Creating decoders for process `\nerv.$proc$nerv.sv:654$154'.
     1/1: $0\csr_mtvec_value[31:0]
Creating decoders for process `\nerv.$proc$nerv.sv:654$150'.
     1/1: $0\csr_mie_value[31:0]
Creating decoders for process `\nerv.$proc$nerv.sv:654$146'.
     1/1: $0\csr_misa_value[31:0]
Creating decoders for process `\nerv.$proc$nerv.sv:654$142'.
     1/1: $0\csr_mstatus_value[31:0]
Creating decoders for process `\nerv.$proc$nerv.sv:472$101'.
Creating decoders for process `\nerv.$proc$nerv.sv:445$93'.
     1/4: $0\mem_wr_enable_q[0:0]
     2/4: $0\mem_rd_func_q[4:0]
     3/4: $0\mem_rd_reg_q[4:0]
     4/4: $0\mem_rd_enable_q[0:0]
Creating decoders for process `\nerv_extended_wrapper.$proc$nerv_wrapper.sv:85$87'.
Creating decoders for process `\nerv_extended_wrapper.$proc$nerv_wrapper.sv:0$82'.
     1/1: $1\get_mem_width$func$nerv_wrapper.sv:263$9.$result[5:0]$86
Creating decoders for process `\nerv_extended_wrapper.$proc$nerv_wrapper.sv:0$77'.
     1/1: $1\get_mem_width$func$nerv_wrapper.sv:262$8.$result[5:0]$81
Creating decoders for process `\nerv_extended_wrapper.$proc$nerv_wrapper.sv:0$72'.
     1/1: $1\get_mem_width$func$nerv_wrapper.sv:258$7.$result[5:0]$76
Creating decoders for process `\nerv_extended_wrapper.$proc$nerv_wrapper.sv:0$67'.
     1/1: $1\get_mem_width$func$nerv_wrapper.sv:253$6.$result[5:0]$71
Creating decoders for process `\nerv_extended_wrapper.$proc$nerv_wrapper.sv:395$63'.
     1/1: $0\csr_mcause[31:0]
Creating decoders for process `\nerv_extended_wrapper.$proc$nerv_wrapper.sv:315$57'.
     1/67: $2\shadow_regfile[0][31:0]
     2/67: $2\shadow_regfile[31][31:0]
     3/67: $2\shadow_regfile[30][31:0]
     4/67: $2\shadow_regfile[29][31:0]
     5/67: $2\shadow_regfile[28][31:0]
     6/67: $2\shadow_regfile[27][31:0]
     7/67: $2\shadow_regfile[26][31:0]
     8/67: $2\shadow_regfile[25][31:0]
     9/67: $2\shadow_regfile[24][31:0]
    10/67: $2\shadow_regfile[23][31:0]
    11/67: $2\shadow_regfile[22][31:0]
    12/67: $2\shadow_regfile[21][31:0]
    13/67: $2\shadow_regfile[20][31:0]
    14/67: $2\shadow_regfile[19][31:0]
    15/67: $2\shadow_regfile[18][31:0]
    16/67: $2\shadow_regfile[17][31:0]
    17/67: $2\shadow_regfile[16][31:0]
    18/67: $2\shadow_regfile[15][31:0]
    19/67: $2\shadow_regfile[14][31:0]
    20/67: $2\shadow_regfile[13][31:0]
    21/67: $2\shadow_regfile[12][31:0]
    22/67: $2\shadow_regfile[11][31:0]
    23/67: $2\shadow_regfile[10][31:0]
    24/67: $2\shadow_regfile[9][31:0]
    25/67: $2\shadow_regfile[8][31:0]
    26/67: $2\shadow_regfile[7][31:0]
    27/67: $2\shadow_regfile[6][31:0]
    28/67: $2\shadow_regfile[5][31:0]
    29/67: $2\shadow_regfile[4][31:0]
    30/67: $2\shadow_regfile[3][31:0]
    31/67: $2\shadow_regfile[2][31:0]
    32/67: $2\shadow_regfile[1][31:0]
    33/67: $1\i[31:0]
    34/67: $1\shadow_regfile[31][31:0]
    35/67: $1\shadow_regfile[30][31:0]
    36/67: $1\shadow_regfile[29][31:0]
    37/67: $1\shadow_regfile[28][31:0]
    38/67: $1\shadow_regfile[27][31:0]
    39/67: $1\shadow_regfile[26][31:0]
    40/67: $1\shadow_regfile[25][31:0]
    41/67: $1\shadow_regfile[24][31:0]
    42/67: $1\shadow_regfile[23][31:0]
    43/67: $1\shadow_regfile[22][31:0]
    44/67: $1\shadow_regfile[21][31:0]
    45/67: $1\shadow_regfile[20][31:0]
    46/67: $1\shadow_regfile[19][31:0]
    47/67: $1\shadow_regfile[18][31:0]
    48/67: $1\shadow_regfile[17][31:0]
    49/67: $1\shadow_regfile[16][31:0]
    50/67: $1\shadow_regfile[15][31:0]
    51/67: $1\shadow_regfile[14][31:0]
    52/67: $1\shadow_regfile[13][31:0]
    53/67: $1\shadow_regfile[12][31:0]
    54/67: $1\shadow_regfile[11][31:0]
    55/67: $1\shadow_regfile[10][31:0]
    56/67: $1\shadow_regfile[9][31:0]
    57/67: $1\shadow_regfile[8][31:0]
    58/67: $1\shadow_regfile[7][31:0]
    59/67: $1\shadow_regfile[6][31:0]
    60/67: $1\shadow_regfile[5][31:0]
    61/67: $1\shadow_regfile[4][31:0]
    62/67: $1\shadow_regfile[3][31:0]
    63/67: $1\shadow_regfile[2][31:0]
    64/67: $1\shadow_regfile[1][31:0]
    65/67: $1\shadow_regfile[0][31:0]
    66/67: $1$mem2reg_wr$\shadow_regfile$nerv_wrapper.sv:321$10_DATA[31:0]$61
    67/67: $1$mem2reg_wr$\shadow_regfile$nerv_wrapper.sv:321$10_ADDR[4:0]$60
Creating decoders for process `\nerv_extended_wrapper.$proc$nerv_wrapper.sv:270$52'.
     1/5: $0\event_valid_reg[0:0]
     2/5: $0\result_csr_mie[31:0]
     3/5: $0\result_csr_mip[31:0]
     4/5: $0\result_csr_mstatush[31:0]
     5/5: $0\result_csr_mstatus[31:0]
Creating decoders for process `\nerv_extended_wrapper.$proc$nerv_wrapper.sv:231$42'.
     1/6: $0\captured_wstrb[3:0]
     2/6: $0\captured_rmask[3:0]
     3/6: $0\mem_data_reg[31:0]
     4/6: $0\mem_addr_reg[31:0]
     5/6: $0\mem_write_valid_reg[0:0]
     6/6: $0\mem_read_valid_reg[0:0]
Creating decoders for process `\nerv_extended_wrapper.$proc$nerv_wrapper.sv:162$31'.
     1/2: $assume$nerv_wrapper.sv:167$40_EN
     2/2: $assume$nerv_wrapper.sv:165$36_EN
Creating decoders for process `\nerv_extended_wrapper.$proc$nerv_wrapper.sv:158$30'.
Creating decoders for process `\nerv_extended_wrapper.$proc$nerv_wrapper.sv:99$15'.
Creating decoders for process `\nerv_extended_wrapper.$proc$nerv_wrapper.sv:86$14'.

5.2.8. Executing PROC_DLATCH pass (convert process syncs to latches).
No latch inferred for signal `\nerv.\mem_rdata' from process `\nerv.$proc$nerv.sv:1139$766'.
No latch inferred for signal `\nerv.\npc' from process `\nerv.$proc$nerv.sv:690$376'.
No latch inferred for signal `\nerv.\mem_wr_enable' from process `\nerv.$proc$nerv.sv:690$376'.
No latch inferred for signal `\nerv.\mem_wr_addr' from process `\nerv.$proc$nerv.sv:690$376'.
No latch inferred for signal `\nerv.\mem_wr_data' from process `\nerv.$proc$nerv.sv:690$376'.
No latch inferred for signal `\nerv.\mem_wr_strb' from process `\nerv.$proc$nerv.sv:690$376'.
No latch inferred for signal `\nerv.\mem_rd_enable' from process `\nerv.$proc$nerv.sv:690$376'.
No latch inferred for signal `\nerv.\mem_rd_addr' from process `\nerv.$proc$nerv.sv:690$376'.
No latch inferred for signal `\nerv.\mem_rd_reg' from process `\nerv.$proc$nerv.sv:690$376'.
No latch inferred for signal `\nerv.\mem_rd_func' from process `\nerv.$proc$nerv.sv:690$376'.
No latch inferred for signal `\nerv.\next_wr' from process `\nerv.$proc$nerv.sv:690$376'.
No latch inferred for signal `\nerv.\next_rd' from process `\nerv.$proc$nerv.sv:690$376'.
No latch inferred for signal `\nerv.\wr_rd' from process `\nerv.$proc$nerv.sv:690$376'.
No latch inferred for signal `\nerv.\illinsn' from process `\nerv.$proc$nerv.sv:690$376'.
No latch inferred for signal `\nerv.\cycle_intr' from process `\nerv.$proc$nerv.sv:690$376'.
No latch inferred for signal `\nerv.\cycle_insn' from process `\nerv.$proc$nerv.sv:690$376'.
No latch inferred for signal `\nerv.\cycle_trap' from process `\nerv.$proc$nerv.sv:690$376'.
No latch inferred for signal `\nerv.\cycle_late_wr' from process `\nerv.$proc$nerv.sv:690$376'.
No latch inferred for signal `\nerv.\csr_ack' from process `\nerv.$proc$nerv.sv:690$376'.
No latch inferred for signal `\nerv.\csr_rdval' from process `\nerv.$proc$nerv.sv:690$376'.
No latch inferred for signal `\nerv.\csr_next' from process `\nerv.$proc$nerv.sv:690$376'.
No latch inferred for signal `\nerv.\hpm_idx' from process `\nerv.$proc$nerv.sv:690$376'.
No latch inferred for signal `\nerv.\hpm_increment' from process `\nerv.$proc$nerv.sv:690$376'.
No latch inferred for signal `\nerv.\hpm_event' from process `\nerv.$proc$nerv.sv:690$376'.
No latch inferred for signal `\nerv.\csr_mstatus_wdata' from process `\nerv.$proc$nerv.sv:690$376'.
No latch inferred for signal `\nerv.\csr_mstatus_next' from process `\nerv.$proc$nerv.sv:690$376'.
No latch inferred for signal `\nerv.\csr_misa_wdata' from process `\nerv.$proc$nerv.sv:690$376'.
No latch inferred for signal `\nerv.\csr_misa_next' from process `\nerv.$proc$nerv.sv:690$376'.
No latch inferred for signal `\nerv.\csr_mie_wdata' from process `\nerv.$proc$nerv.sv:690$376'.
No latch inferred for signal `\nerv.\csr_mie_next' from process `\nerv.$proc$nerv.sv:690$376'.
No latch inferred for signal `\nerv.\csr_mtvec_wdata' from process `\nerv.$proc$nerv.sv:690$376'.
No latch inferred for signal `\nerv.\csr_mtvec_next' from process `\nerv.$proc$nerv.sv:690$376'.
No latch inferred for signal `\nerv.\csr_mstatush_wdata' from process `\nerv.$proc$nerv.sv:690$376'.
No latch inferred for signal `\nerv.\csr_mstatush_next' from process `\nerv.$proc$nerv.sv:690$376'.
No latch inferred for signal `\nerv.\csr_mscratch_wdata' from process `\nerv.$proc$nerv.sv:690$376'.
No latch inferred for signal `\nerv.\csr_mscratch_next' from process `\nerv.$proc$nerv.sv:690$376'.
No latch inferred for signal `\nerv.\csr_mepc_wdata' from process `\nerv.$proc$nerv.sv:690$376'.
No latch inferred for signal `\nerv.\csr_mepc_next' from process `\nerv.$proc$nerv.sv:690$376'.
No latch inferred for signal `\nerv.\csr_mcause_wdata' from process `\nerv.$proc$nerv.sv:690$376'.
No latch inferred for signal `\nerv.\csr_mcause_next' from process `\nerv.$proc$nerv.sv:690$376'.
No latch inferred for signal `\nerv.\csr_mtval_wdata' from process `\nerv.$proc$nerv.sv:690$376'.
No latch inferred for signal `\nerv.\csr_mtval_next' from process `\nerv.$proc$nerv.sv:690$376'.
No latch inferred for signal `\nerv.\csr_mip_wdata' from process `\nerv.$proc$nerv.sv:690$376'.
No latch inferred for signal `\nerv.\csr_mip_next' from process `\nerv.$proc$nerv.sv:690$376'.
No latch inferred for signal `\nerv.\hpm_counter_idx' from process `\nerv.$proc$nerv.sv:690$376'.
No latch inferred for signal `\nerv.\csr_hpm_counter_wdata' from process `\nerv.$proc$nerv.sv:690$376'.
No latch inferred for signal `\nerv.\csr_hpm_counter_next' from process `\nerv.$proc$nerv.sv:690$376'.
No latch inferred for signal `\nerv.\hpm_counterh_idx' from process `\nerv.$proc$nerv.sv:690$376'.
No latch inferred for signal `\nerv.\csr_hpm_counterh_wdata' from process `\nerv.$proc$nerv.sv:690$376'.
No latch inferred for signal `\nerv.\csr_hpm_counterh_next' from process `\nerv.$proc$nerv.sv:690$376'.
No latch inferred for signal `\nerv.\hpm_event_idx' from process `\nerv.$proc$nerv.sv:690$376'.
No latch inferred for signal `\nerv.\csr_hpm_event_wdata' from process `\nerv.$proc$nerv.sv:690$376'.
No latch inferred for signal `\nerv.\csr_hpm_event_next' from process `\nerv.$proc$nerv.sv:690$376'.
No latch inferred for signal `\nerv.\csr_custom_wdata' from process `\nerv.$proc$nerv.sv:690$376'.
No latch inferred for signal `\nerv.\csr_custom_next' from process `\nerv.$proc$nerv.sv:690$376'.
No latch inferred for signal `\nerv.\irq_num' from process `\nerv.$proc$nerv.sv:667$375'.
No latch inferred for signal `\nerv_extended_wrapper.\get_mem_width$func$nerv_wrapper.sv:263$5.$result' from process `\nerv_extended_wrapper.$proc$nerv_wrapper.sv:0$82'.
No latch inferred for signal `\nerv_extended_wrapper.\get_mem_width$func$nerv_wrapper.sv:263$9.$result' from process `\nerv_extended_wrapper.$proc$nerv_wrapper.sv:0$82'.
No latch inferred for signal `\nerv_extended_wrapper.\get_mem_width$func$nerv_wrapper.sv:263$9.mask' from process `\nerv_extended_wrapper.$proc$nerv_wrapper.sv:0$82'.
No latch inferred for signal `\nerv_extended_wrapper.\get_mem_width$func$nerv_wrapper.sv:262$4.$result' from process `\nerv_extended_wrapper.$proc$nerv_wrapper.sv:0$77'.
No latch inferred for signal `\nerv_extended_wrapper.\get_mem_width$func$nerv_wrapper.sv:262$8.$result' from process `\nerv_extended_wrapper.$proc$nerv_wrapper.sv:0$77'.
No latch inferred for signal `\nerv_extended_wrapper.\get_mem_width$func$nerv_wrapper.sv:262$8.mask' from process `\nerv_extended_wrapper.$proc$nerv_wrapper.sv:0$77'.
No latch inferred for signal `\nerv_extended_wrapper.\get_mem_width$func$nerv_wrapper.sv:258$3.$result' from process `\nerv_extended_wrapper.$proc$nerv_wrapper.sv:0$72'.
No latch inferred for signal `\nerv_extended_wrapper.\get_mem_width$func$nerv_wrapper.sv:258$7.$result' from process `\nerv_extended_wrapper.$proc$nerv_wrapper.sv:0$72'.
No latch inferred for signal `\nerv_extended_wrapper.\get_mem_width$func$nerv_wrapper.sv:258$7.mask' from process `\nerv_extended_wrapper.$proc$nerv_wrapper.sv:0$72'.
No latch inferred for signal `\nerv_extended_wrapper.\get_mem_width$func$nerv_wrapper.sv:253$2.$result' from process `\nerv_extended_wrapper.$proc$nerv_wrapper.sv:0$67'.
No latch inferred for signal `\nerv_extended_wrapper.\get_mem_width$func$nerv_wrapper.sv:253$6.$result' from process `\nerv_extended_wrapper.$proc$nerv_wrapper.sv:0$67'.
No latch inferred for signal `\nerv_extended_wrapper.\get_mem_width$func$nerv_wrapper.sv:253$6.mask' from process `\nerv_extended_wrapper.$proc$nerv_wrapper.sv:0$67'.
No latch inferred for signal `\nerv_extended_wrapper.$mem2reg_wr$\shadow_regfile$nerv_wrapper.sv:321$10_ADDR' from process `\nerv_extended_wrapper.$proc$nerv_wrapper.sv:315$57'.
No latch inferred for signal `\nerv_extended_wrapper.$mem2reg_wr$\shadow_regfile$nerv_wrapper.sv:321$10_DATA' from process `\nerv_extended_wrapper.$proc$nerv_wrapper.sv:315$57'.
Latch inferred for signal `\nerv_extended_wrapper.\i' from process `\nerv_extended_wrapper.$proc$nerv_wrapper.sv:315$57': $auto$proc_dlatch.cc:433:proc_dlatch$11946
Latch inferred for signal `\nerv_extended_wrapper.\shadow_regfile[0]' from process `\nerv_extended_wrapper.$proc$nerv_wrapper.sv:315$57': $auto$proc_dlatch.cc:433:proc_dlatch$11957
Latch inferred for signal `\nerv_extended_wrapper.\shadow_regfile[1]' from process `\nerv_extended_wrapper.$proc$nerv_wrapper.sv:315$57': $auto$proc_dlatch.cc:433:proc_dlatch$12102
Latch inferred for signal `\nerv_extended_wrapper.\shadow_regfile[2]' from process `\nerv_extended_wrapper.$proc$nerv_wrapper.sv:315$57': $auto$proc_dlatch.cc:433:proc_dlatch$12247
Latch inferred for signal `\nerv_extended_wrapper.\shadow_regfile[3]' from process `\nerv_extended_wrapper.$proc$nerv_wrapper.sv:315$57': $auto$proc_dlatch.cc:433:proc_dlatch$12392
Latch inferred for signal `\nerv_extended_wrapper.\shadow_regfile[4]' from process `\nerv_extended_wrapper.$proc$nerv_wrapper.sv:315$57': $auto$proc_dlatch.cc:433:proc_dlatch$12537
Latch inferred for signal `\nerv_extended_wrapper.\shadow_regfile[5]' from process `\nerv_extended_wrapper.$proc$nerv_wrapper.sv:315$57': $auto$proc_dlatch.cc:433:proc_dlatch$12682
Latch inferred for signal `\nerv_extended_wrapper.\shadow_regfile[6]' from process `\nerv_extended_wrapper.$proc$nerv_wrapper.sv:315$57': $auto$proc_dlatch.cc:433:proc_dlatch$12827
Latch inferred for signal `\nerv_extended_wrapper.\shadow_regfile[7]' from process `\nerv_extended_wrapper.$proc$nerv_wrapper.sv:315$57': $auto$proc_dlatch.cc:433:proc_dlatch$12972
Latch inferred for signal `\nerv_extended_wrapper.\shadow_regfile[8]' from process `\nerv_extended_wrapper.$proc$nerv_wrapper.sv:315$57': $auto$proc_dlatch.cc:433:proc_dlatch$13117
Latch inferred for signal `\nerv_extended_wrapper.\shadow_regfile[9]' from process `\nerv_extended_wrapper.$proc$nerv_wrapper.sv:315$57': $auto$proc_dlatch.cc:433:proc_dlatch$13262
Latch inferred for signal `\nerv_extended_wrapper.\shadow_regfile[10]' from process `\nerv_extended_wrapper.$proc$nerv_wrapper.sv:315$57': $auto$proc_dlatch.cc:433:proc_dlatch$13407
Latch inferred for signal `\nerv_extended_wrapper.\shadow_regfile[11]' from process `\nerv_extended_wrapper.$proc$nerv_wrapper.sv:315$57': $auto$proc_dlatch.cc:433:proc_dlatch$13552
Latch inferred for signal `\nerv_extended_wrapper.\shadow_regfile[12]' from process `\nerv_extended_wrapper.$proc$nerv_wrapper.sv:315$57': $auto$proc_dlatch.cc:433:proc_dlatch$13697
Latch inferred for signal `\nerv_extended_wrapper.\shadow_regfile[13]' from process `\nerv_extended_wrapper.$proc$nerv_wrapper.sv:315$57': $auto$proc_dlatch.cc:433:proc_dlatch$13842
Latch inferred for signal `\nerv_extended_wrapper.\shadow_regfile[14]' from process `\nerv_extended_wrapper.$proc$nerv_wrapper.sv:315$57': $auto$proc_dlatch.cc:433:proc_dlatch$13987
Latch inferred for signal `\nerv_extended_wrapper.\shadow_regfile[15]' from process `\nerv_extended_wrapper.$proc$nerv_wrapper.sv:315$57': $auto$proc_dlatch.cc:433:proc_dlatch$14132
Latch inferred for signal `\nerv_extended_wrapper.\shadow_regfile[16]' from process `\nerv_extended_wrapper.$proc$nerv_wrapper.sv:315$57': $auto$proc_dlatch.cc:433:proc_dlatch$14277
Latch inferred for signal `\nerv_extended_wrapper.\shadow_regfile[17]' from process `\nerv_extended_wrapper.$proc$nerv_wrapper.sv:315$57': $auto$proc_dlatch.cc:433:proc_dlatch$14422
Latch inferred for signal `\nerv_extended_wrapper.\shadow_regfile[18]' from process `\nerv_extended_wrapper.$proc$nerv_wrapper.sv:315$57': $auto$proc_dlatch.cc:433:proc_dlatch$14567
Latch inferred for signal `\nerv_extended_wrapper.\shadow_regfile[19]' from process `\nerv_extended_wrapper.$proc$nerv_wrapper.sv:315$57': $auto$proc_dlatch.cc:433:proc_dlatch$14712
Latch inferred for signal `\nerv_extended_wrapper.\shadow_regfile[20]' from process `\nerv_extended_wrapper.$proc$nerv_wrapper.sv:315$57': $auto$proc_dlatch.cc:433:proc_dlatch$14857
Latch inferred for signal `\nerv_extended_wrapper.\shadow_regfile[21]' from process `\nerv_extended_wrapper.$proc$nerv_wrapper.sv:315$57': $auto$proc_dlatch.cc:433:proc_dlatch$15002
Latch inferred for signal `\nerv_extended_wrapper.\shadow_regfile[22]' from process `\nerv_extended_wrapper.$proc$nerv_wrapper.sv:315$57': $auto$proc_dlatch.cc:433:proc_dlatch$15147
Latch inferred for signal `\nerv_extended_wrapper.\shadow_regfile[23]' from process `\nerv_extended_wrapper.$proc$nerv_wrapper.sv:315$57': $auto$proc_dlatch.cc:433:proc_dlatch$15292
Latch inferred for signal `\nerv_extended_wrapper.\shadow_regfile[24]' from process `\nerv_extended_wrapper.$proc$nerv_wrapper.sv:315$57': $auto$proc_dlatch.cc:433:proc_dlatch$15437
Latch inferred for signal `\nerv_extended_wrapper.\shadow_regfile[25]' from process `\nerv_extended_wrapper.$proc$nerv_wrapper.sv:315$57': $auto$proc_dlatch.cc:433:proc_dlatch$15582
Latch inferred for signal `\nerv_extended_wrapper.\shadow_regfile[26]' from process `\nerv_extended_wrapper.$proc$nerv_wrapper.sv:315$57': $auto$proc_dlatch.cc:433:proc_dlatch$15727
Latch inferred for signal `\nerv_extended_wrapper.\shadow_regfile[27]' from process `\nerv_extended_wrapper.$proc$nerv_wrapper.sv:315$57': $auto$proc_dlatch.cc:433:proc_dlatch$15872
Latch inferred for signal `\nerv_extended_wrapper.\shadow_regfile[28]' from process `\nerv_extended_wrapper.$proc$nerv_wrapper.sv:315$57': $auto$proc_dlatch.cc:433:proc_dlatch$16017
Latch inferred for signal `\nerv_extended_wrapper.\shadow_regfile[29]' from process `\nerv_extended_wrapper.$proc$nerv_wrapper.sv:315$57': $auto$proc_dlatch.cc:433:proc_dlatch$16162
Latch inferred for signal `\nerv_extended_wrapper.\shadow_regfile[30]' from process `\nerv_extended_wrapper.$proc$nerv_wrapper.sv:315$57': $auto$proc_dlatch.cc:433:proc_dlatch$16307
Latch inferred for signal `\nerv_extended_wrapper.\shadow_regfile[31]' from process `\nerv_extended_wrapper.$proc$nerv_wrapper.sv:315$57': $auto$proc_dlatch.cc:433:proc_dlatch$16452

5.2.9. Executing PROC_DFF pass (convert process syncs to FFs).
Creating register for signal `\RiscvCore.\state_reg_0' using process `\RiscvCore.$proc$CheckerWrapper.sv:6833$6263'.
  created $dff cell `$procdff$16597' with positive edge clock.
Creating register for signal `\RiscvCore.\state_reg_1' using process `\RiscvCore.$proc$CheckerWrapper.sv:6833$6263'.
  created $dff cell `$procdff$16598' with positive edge clock.
Creating register for signal `\RiscvCore.\state_reg_2' using process `\RiscvCore.$proc$CheckerWrapper.sv:6833$6263'.
  created $dff cell `$procdff$16599' with positive edge clock.
Creating register for signal `\RiscvCore.\state_reg_3' using process `\RiscvCore.$proc$CheckerWrapper.sv:6833$6263'.
  created $dff cell `$procdff$16600' with positive edge clock.
Creating register for signal `\RiscvCore.\state_reg_4' using process `\RiscvCore.$proc$CheckerWrapper.sv:6833$6263'.
  created $dff cell `$procdff$16601' with positive edge clock.
Creating register for signal `\RiscvCore.\state_reg_5' using process `\RiscvCore.$proc$CheckerWrapper.sv:6833$6263'.
  created $dff cell `$procdff$16602' with positive edge clock.
Creating register for signal `\RiscvCore.\state_reg_6' using process `\RiscvCore.$proc$CheckerWrapper.sv:6833$6263'.
  created $dff cell `$procdff$16603' with positive edge clock.
Creating register for signal `\RiscvCore.\state_reg_7' using process `\RiscvCore.$proc$CheckerWrapper.sv:6833$6263'.
  created $dff cell `$procdff$16604' with positive edge clock.
Creating register for signal `\RiscvCore.\state_reg_8' using process `\RiscvCore.$proc$CheckerWrapper.sv:6833$6263'.
  created $dff cell `$procdff$16605' with positive edge clock.
Creating register for signal `\RiscvCore.\state_reg_9' using process `\RiscvCore.$proc$CheckerWrapper.sv:6833$6263'.
  created $dff cell `$procdff$16606' with positive edge clock.
Creating register for signal `\RiscvCore.\state_reg_10' using process `\RiscvCore.$proc$CheckerWrapper.sv:6833$6263'.
  created $dff cell `$procdff$16607' with positive edge clock.
Creating register for signal `\RiscvCore.\state_reg_11' using process `\RiscvCore.$proc$CheckerWrapper.sv:6833$6263'.
  created $dff cell `$procdff$16608' with positive edge clock.
Creating register for signal `\RiscvCore.\state_reg_12' using process `\RiscvCore.$proc$CheckerWrapper.sv:6833$6263'.
  created $dff cell `$procdff$16609' with positive edge clock.
Creating register for signal `\RiscvCore.\state_reg_13' using process `\RiscvCore.$proc$CheckerWrapper.sv:6833$6263'.
  created $dff cell `$procdff$16610' with positive edge clock.
Creating register for signal `\RiscvCore.\state_reg_14' using process `\RiscvCore.$proc$CheckerWrapper.sv:6833$6263'.
  created $dff cell `$procdff$16611' with positive edge clock.
Creating register for signal `\RiscvCore.\state_reg_15' using process `\RiscvCore.$proc$CheckerWrapper.sv:6833$6263'.
  created $dff cell `$procdff$16612' with positive edge clock.
Creating register for signal `\RiscvCore.\state_reg_16' using process `\RiscvCore.$proc$CheckerWrapper.sv:6833$6263'.
  created $dff cell `$procdff$16613' with positive edge clock.
Creating register for signal `\RiscvCore.\state_reg_17' using process `\RiscvCore.$proc$CheckerWrapper.sv:6833$6263'.
  created $dff cell `$procdff$16614' with positive edge clock.
Creating register for signal `\RiscvCore.\state_reg_18' using process `\RiscvCore.$proc$CheckerWrapper.sv:6833$6263'.
  created $dff cell `$procdff$16615' with positive edge clock.
Creating register for signal `\RiscvCore.\state_reg_19' using process `\RiscvCore.$proc$CheckerWrapper.sv:6833$6263'.
  created $dff cell `$procdff$16616' with positive edge clock.
Creating register for signal `\RiscvCore.\state_reg_20' using process `\RiscvCore.$proc$CheckerWrapper.sv:6833$6263'.
  created $dff cell `$procdff$16617' with positive edge clock.
Creating register for signal `\RiscvCore.\state_reg_21' using process `\RiscvCore.$proc$CheckerWrapper.sv:6833$6263'.
  created $dff cell `$procdff$16618' with positive edge clock.
Creating register for signal `\RiscvCore.\state_reg_22' using process `\RiscvCore.$proc$CheckerWrapper.sv:6833$6263'.
  created $dff cell `$procdff$16619' with positive edge clock.
Creating register for signal `\RiscvCore.\state_reg_23' using process `\RiscvCore.$proc$CheckerWrapper.sv:6833$6263'.
  created $dff cell `$procdff$16620' with positive edge clock.
Creating register for signal `\RiscvCore.\state_reg_24' using process `\RiscvCore.$proc$CheckerWrapper.sv:6833$6263'.
  created $dff cell `$procdff$16621' with positive edge clock.
Creating register for signal `\RiscvCore.\state_reg_25' using process `\RiscvCore.$proc$CheckerWrapper.sv:6833$6263'.
  created $dff cell `$procdff$16622' with positive edge clock.
Creating register for signal `\RiscvCore.\state_reg_26' using process `\RiscvCore.$proc$CheckerWrapper.sv:6833$6263'.
  created $dff cell `$procdff$16623' with positive edge clock.
Creating register for signal `\RiscvCore.\state_reg_27' using process `\RiscvCore.$proc$CheckerWrapper.sv:6833$6263'.
  created $dff cell `$procdff$16624' with positive edge clock.
Creating register for signal `\RiscvCore.\state_reg_28' using process `\RiscvCore.$proc$CheckerWrapper.sv:6833$6263'.
  created $dff cell `$procdff$16625' with positive edge clock.
Creating register for signal `\RiscvCore.\state_reg_29' using process `\RiscvCore.$proc$CheckerWrapper.sv:6833$6263'.
  created $dff cell `$procdff$16626' with positive edge clock.
Creating register for signal `\RiscvCore.\state_reg_30' using process `\RiscvCore.$proc$CheckerWrapper.sv:6833$6263'.
  created $dff cell `$procdff$16627' with positive edge clock.
Creating register for signal `\RiscvCore.\state_reg_31' using process `\RiscvCore.$proc$CheckerWrapper.sv:6833$6263'.
  created $dff cell `$procdff$16628' with positive edge clock.
Creating register for signal `\RiscvCore.\state_pc' using process `\RiscvCore.$proc$CheckerWrapper.sv:6833$6263'.
  created $dff cell `$procdff$16629' with positive edge clock.
Creating register for signal `\RiscvCore.\state_csr_misa' using process `\RiscvCore.$proc$CheckerWrapper.sv:6833$6263'.
  created $dff cell `$procdff$16630' with positive edge clock.
Creating register for signal `\RiscvCore.\state_csr_mvendorid' using process `\RiscvCore.$proc$CheckerWrapper.sv:6833$6263'.
  created $dff cell `$procdff$16631' with positive edge clock.
Creating register for signal `\RiscvCore.\state_csr_marchid' using process `\RiscvCore.$proc$CheckerWrapper.sv:6833$6263'.
  created $dff cell `$procdff$16632' with positive edge clock.
Creating register for signal `\RiscvCore.\state_csr_mimpid' using process `\RiscvCore.$proc$CheckerWrapper.sv:6833$6263'.
  created $dff cell `$procdff$16633' with positive edge clock.
Creating register for signal `\RiscvCore.\state_csr_mhartid' using process `\RiscvCore.$proc$CheckerWrapper.sv:6833$6263'.
  created $dff cell `$procdff$16634' with positive edge clock.
Creating register for signal `\RiscvCore.\state_csr_mstatus' using process `\RiscvCore.$proc$CheckerWrapper.sv:6833$6263'.
  created $dff cell `$procdff$16635' with positive edge clock.
Creating register for signal `\RiscvCore.\state_csr_mstatush' using process `\RiscvCore.$proc$CheckerWrapper.sv:6833$6263'.
  created $dff cell `$procdff$16636' with positive edge clock.
Creating register for signal `\RiscvCore.\state_csr_mscratch' using process `\RiscvCore.$proc$CheckerWrapper.sv:6833$6263'.
  created $dff cell `$procdff$16637' with positive edge clock.
Creating register for signal `\RiscvCore.\state_csr_mtvec' using process `\RiscvCore.$proc$CheckerWrapper.sv:6833$6263'.
  created $dff cell `$procdff$16638' with positive edge clock.
Creating register for signal `\RiscvCore.\state_csr_mcounteren' using process `\RiscvCore.$proc$CheckerWrapper.sv:6833$6263'.
  created $dff cell `$procdff$16639' with positive edge clock.
Creating register for signal `\RiscvCore.\state_csr_medeleg' using process `\RiscvCore.$proc$CheckerWrapper.sv:6833$6263'.
  created $dff cell `$procdff$16640' with positive edge clock.
Creating register for signal `\RiscvCore.\state_csr_mideleg' using process `\RiscvCore.$proc$CheckerWrapper.sv:6833$6263'.
  created $dff cell `$procdff$16641' with positive edge clock.
Creating register for signal `\RiscvCore.\state_csr_mip' using process `\RiscvCore.$proc$CheckerWrapper.sv:6833$6263'.
  created $dff cell `$procdff$16642' with positive edge clock.
Creating register for signal `\RiscvCore.\state_csr_mie' using process `\RiscvCore.$proc$CheckerWrapper.sv:6833$6263'.
  created $dff cell `$procdff$16643' with positive edge clock.
Creating register for signal `\RiscvCore.\state_csr_mepc' using process `\RiscvCore.$proc$CheckerWrapper.sv:6833$6263'.
  created $dff cell `$procdff$16644' with positive edge clock.
Creating register for signal `\RiscvCore.\state_csr_mcause' using process `\RiscvCore.$proc$CheckerWrapper.sv:6833$6263'.
  created $dff cell `$procdff$16645' with positive edge clock.
Creating register for signal `\RiscvCore.\state_csr_mtval' using process `\RiscvCore.$proc$CheckerWrapper.sv:6833$6263'.
  created $dff cell `$procdff$16646' with positive edge clock.
Creating register for signal `\RiscvCore.\state_csr_cycle' using process `\RiscvCore.$proc$CheckerWrapper.sv:6833$6263'.
  created $dff cell `$procdff$16647' with positive edge clock.
Creating register for signal `\RiscvCore.\state_csr_scounteren' using process `\RiscvCore.$proc$CheckerWrapper.sv:6833$6263'.
  created $dff cell `$procdff$16648' with positive edge clock.
Creating register for signal `\RiscvCore.\state_csr_scause' using process `\RiscvCore.$proc$CheckerWrapper.sv:6833$6263'.
  created $dff cell `$procdff$16649' with positive edge clock.
Creating register for signal `\RiscvCore.\state_csr_stvec' using process `\RiscvCore.$proc$CheckerWrapper.sv:6833$6263'.
  created $dff cell `$procdff$16650' with positive edge clock.
Creating register for signal `\RiscvCore.\state_csr_sepc' using process `\RiscvCore.$proc$CheckerWrapper.sv:6833$6263'.
  created $dff cell `$procdff$16651' with positive edge clock.
Creating register for signal `\RiscvCore.\state_csr_stval' using process `\RiscvCore.$proc$CheckerWrapper.sv:6833$6263'.
  created $dff cell `$procdff$16652' with positive edge clock.
Creating register for signal `\RiscvCore.\state_csr_sscratch' using process `\RiscvCore.$proc$CheckerWrapper.sv:6833$6263'.
  created $dff cell `$procdff$16653' with positive edge clock.
Creating register for signal `\RiscvCore.\state_csr_satp' using process `\RiscvCore.$proc$CheckerWrapper.sv:6833$6263'.
  created $dff cell `$procdff$16654' with positive edge clock.
Creating register for signal `\RiscvCore.\state_csr_pmpcfg0' using process `\RiscvCore.$proc$CheckerWrapper.sv:6833$6263'.
  created $dff cell `$procdff$16655' with positive edge clock.
Creating register for signal `\RiscvCore.\state_csr_pmpcfg1' using process `\RiscvCore.$proc$CheckerWrapper.sv:6833$6263'.
  created $dff cell `$procdff$16656' with positive edge clock.
Creating register for signal `\RiscvCore.\state_csr_pmpcfg2' using process `\RiscvCore.$proc$CheckerWrapper.sv:6833$6263'.
  created $dff cell `$procdff$16657' with positive edge clock.
Creating register for signal `\RiscvCore.\state_csr_pmpcfg3' using process `\RiscvCore.$proc$CheckerWrapper.sv:6833$6263'.
  created $dff cell `$procdff$16658' with positive edge clock.
Creating register for signal `\RiscvCore.\state_csr_pmpaddr0' using process `\RiscvCore.$proc$CheckerWrapper.sv:6833$6263'.
  created $dff cell `$procdff$16659' with positive edge clock.
Creating register for signal `\RiscvCore.\state_csr_pmpaddr1' using process `\RiscvCore.$proc$CheckerWrapper.sv:6833$6263'.
  created $dff cell `$procdff$16660' with positive edge clock.
Creating register for signal `\RiscvCore.\state_csr_pmpaddr2' using process `\RiscvCore.$proc$CheckerWrapper.sv:6833$6263'.
  created $dff cell `$procdff$16661' with positive edge clock.
Creating register for signal `\RiscvCore.\state_csr_pmpaddr3' using process `\RiscvCore.$proc$CheckerWrapper.sv:6833$6263'.
  created $dff cell `$procdff$16662' with positive edge clock.
Creating register for signal `\RiscvCore.\state_csr_MXLEN' using process `\RiscvCore.$proc$CheckerWrapper.sv:6833$6263'.
  created $dff cell `$procdff$16663' with positive edge clock.
Creating register for signal `\RiscvCore.\state_csr_IALIGN' using process `\RiscvCore.$proc$CheckerWrapper.sv:6833$6263'.
  created $dff cell `$procdff$16664' with positive edge clock.
Creating register for signal `\RiscvCore.\state_csr_ILEN' using process `\RiscvCore.$proc$CheckerWrapper.sv:6833$6263'.
  created $dff cell `$procdff$16665' with positive edge clock.
Creating register for signal `\RiscvCore.\state_internal_privilegeMode' using process `\RiscvCore.$proc$CheckerWrapper.sv:6833$6263'.
  created $dff cell `$procdff$16666' with positive edge clock.
Creating register for signal `\nerv.\rvfi_mem_rmask' using process `\nerv.$proc$nerv.sv:1150$769'.
  created $dff cell `$procdff$16667' with positive edge clock.
Creating register for signal `\nerv.\rvfi_mem_wmask' using process `\nerv.$proc$nerv.sv:1150$769'.
  created $dff cell `$procdff$16668' with positive edge clock.
Creating register for signal `\nerv.\rvfi_trap' using process `\nerv.$proc$nerv.sv:1150$769'.
  created $dff cell `$procdff$16669' with positive edge clock.
Creating register for signal `\nerv.\rvfi_valid' using process `\nerv.$proc$nerv.sv:1150$769'.
  created $dff cell `$procdff$16670' with positive edge clock.
Creating register for signal `\nerv.\rvfi_rd_addr' using process `\nerv.$proc$nerv.sv:1150$769'.
  created $dff cell `$procdff$16671' with positive edge clock.
Creating register for signal `\nerv.\rvfi_rd_wdata' using process `\nerv.$proc$nerv.sv:1150$769'.
  created $dff cell `$procdff$16672' with positive edge clock.
Creating register for signal `\nerv.\rvfi_mode' using process `\nerv.$proc$nerv.sv:1150$769'.
  created $dff cell `$procdff$16673' with positive edge clock.
Creating register for signal `\nerv.\rvfi_csr_mvendorid_rdata' using process `\nerv.$proc$nerv.sv:1150$769'.
  created $dff cell `$procdff$16674' with positive edge clock.
Creating register for signal `\nerv.\rvfi_csr_marchid_rdata' using process `\nerv.$proc$nerv.sv:1150$769'.
  created $dff cell `$procdff$16675' with positive edge clock.
Creating register for signal `\nerv.\rvfi_csr_mimpid_rdata' using process `\nerv.$proc$nerv.sv:1150$769'.
  created $dff cell `$procdff$16676' with positive edge clock.
Creating register for signal `\nerv.\rvfi_csr_mhartid_rdata' using process `\nerv.$proc$nerv.sv:1150$769'.
  created $dff cell `$procdff$16677' with positive edge clock.
Creating register for signal `\nerv.\rvfi_csr_mscratch_rdata' using process `\nerv.$proc$nerv.sv:1150$769'.
  created $dff cell `$procdff$16678' with positive edge clock.
Creating register for signal `\nerv.\rvfi_csr_mtvec_rdata' using process `\nerv.$proc$nerv.sv:1150$769'.
  created $dff cell `$procdff$16679' with positive edge clock.
Creating register for signal `\nerv.\rvfi_pc_rdata' using process `\nerv.$proc$nerv.sv:1150$769'.
  created $dff cell `$procdff$16680' with positive edge clock.
Creating register for signal `\nerv.\rvfi_csr_mtval_rdata' using process `\nerv.$proc$nerv.sv:1150$769'.
  created $dff cell `$procdff$16681' with positive edge clock.
Creating register for signal `\nerv.\rvfi_csr_mepc_rdata' using process `\nerv.$proc$nerv.sv:1150$769'.
  created $dff cell `$procdff$16682' with positive edge clock.
Creating register for signal `\nerv.\rvfi_order' using process `\nerv.$proc$nerv.sv:1150$769'.
  created $dff cell `$procdff$16683' with positive edge clock.
Creating register for signal `\nerv.\rvfi_insn' using process `\nerv.$proc$nerv.sv:1150$769'.
  created $dff cell `$procdff$16684' with positive edge clock.
Creating register for signal `\nerv.\rvfi_halt' using process `\nerv.$proc$nerv.sv:1150$769'.
  created $dff cell `$procdff$16685' with positive edge clock.
Creating register for signal `\nerv.\rvfi_intr' using process `\nerv.$proc$nerv.sv:1150$769'.
  created $dff cell `$procdff$16686' with positive edge clock.
Creating register for signal `\nerv.\rvfi_ixl' using process `\nerv.$proc$nerv.sv:1150$769'.
  created $dff cell `$procdff$16687' with positive edge clock.
Creating register for signal `\nerv.\rvfi_rs1_addr' using process `\nerv.$proc$nerv.sv:1150$769'.
  created $dff cell `$procdff$16688' with positive edge clock.
Creating register for signal `\nerv.\rvfi_rs2_addr' using process `\nerv.$proc$nerv.sv:1150$769'.
  created $dff cell `$procdff$16689' with positive edge clock.
Creating register for signal `\nerv.\rvfi_rs1_rdata' using process `\nerv.$proc$nerv.sv:1150$769'.
  created $dff cell `$procdff$16690' with positive edge clock.
Creating register for signal `\nerv.\rvfi_rs2_rdata' using process `\nerv.$proc$nerv.sv:1150$769'.
  created $dff cell `$procdff$16691' with positive edge clock.
Creating register for signal `\nerv.\rvfi_pc_wdata' using process `\nerv.$proc$nerv.sv:1150$769'.
  created $dff cell `$procdff$16692' with positive edge clock.
Creating register for signal `\nerv.\rvfi_csr_mvendorid_rmask' using process `\nerv.$proc$nerv.sv:1150$769'.
  created $dff cell `$procdff$16693' with positive edge clock.
Creating register for signal `\nerv.\rvfi_csr_mvendorid_wmask' using process `\nerv.$proc$nerv.sv:1150$769'.
  created $dff cell `$procdff$16694' with positive edge clock.
Creating register for signal `\nerv.\rvfi_csr_mvendorid_wdata' using process `\nerv.$proc$nerv.sv:1150$769'.
  created $dff cell `$procdff$16695' with positive edge clock.
Creating register for signal `\nerv.\rvfi_csr_marchid_rmask' using process `\nerv.$proc$nerv.sv:1150$769'.
  created $dff cell `$procdff$16696' with positive edge clock.
Creating register for signal `\nerv.\rvfi_csr_marchid_wmask' using process `\nerv.$proc$nerv.sv:1150$769'.
  created $dff cell `$procdff$16697' with positive edge clock.
Creating register for signal `\nerv.\rvfi_csr_marchid_wdata' using process `\nerv.$proc$nerv.sv:1150$769'.
  created $dff cell `$procdff$16698' with positive edge clock.
Creating register for signal `\nerv.\rvfi_csr_mimpid_rmask' using process `\nerv.$proc$nerv.sv:1150$769'.
  created $dff cell `$procdff$16699' with positive edge clock.
Creating register for signal `\nerv.\rvfi_csr_mimpid_wmask' using process `\nerv.$proc$nerv.sv:1150$769'.
  created $dff cell `$procdff$16700' with positive edge clock.
Creating register for signal `\nerv.\rvfi_csr_mimpid_wdata' using process `\nerv.$proc$nerv.sv:1150$769'.
  created $dff cell `$procdff$16701' with positive edge clock.
Creating register for signal `\nerv.\rvfi_csr_mhartid_rmask' using process `\nerv.$proc$nerv.sv:1150$769'.
  created $dff cell `$procdff$16702' with positive edge clock.
Creating register for signal `\nerv.\rvfi_csr_mhartid_wmask' using process `\nerv.$proc$nerv.sv:1150$769'.
  created $dff cell `$procdff$16703' with positive edge clock.
Creating register for signal `\nerv.\rvfi_csr_mhartid_wdata' using process `\nerv.$proc$nerv.sv:1150$769'.
  created $dff cell `$procdff$16704' with positive edge clock.
Creating register for signal `\nerv.\rvfi_csr_mconfigptr_rmask' using process `\nerv.$proc$nerv.sv:1150$769'.
  created $dff cell `$procdff$16705' with positive edge clock.
Creating register for signal `\nerv.\rvfi_csr_mconfigptr_wmask' using process `\nerv.$proc$nerv.sv:1150$769'.
  created $dff cell `$procdff$16706' with positive edge clock.
Creating register for signal `\nerv.\rvfi_csr_mconfigptr_rdata' using process `\nerv.$proc$nerv.sv:1150$769'.
  created $dff cell `$procdff$16707' with positive edge clock.
Creating register for signal `\nerv.\rvfi_csr_mconfigptr_wdata' using process `\nerv.$proc$nerv.sv:1150$769'.
  created $dff cell `$procdff$16708' with positive edge clock.
Creating register for signal `\nerv.\rvfi_csr_mstatus_rmask' using process `\nerv.$proc$nerv.sv:1150$769'.
  created $dff cell `$procdff$16709' with positive edge clock.
Creating register for signal `\nerv.\rvfi_csr_mstatus_wmask' using process `\nerv.$proc$nerv.sv:1150$769'.
  created $dff cell `$procdff$16710' with positive edge clock.
Creating register for signal `\nerv.\rvfi_csr_mstatus_rdata' using process `\nerv.$proc$nerv.sv:1150$769'.
  created $dff cell `$procdff$16711' with positive edge clock.
Creating register for signal `\nerv.\rvfi_csr_mstatus_wdata' using process `\nerv.$proc$nerv.sv:1150$769'.
  created $dff cell `$procdff$16712' with positive edge clock.
Creating register for signal `\nerv.\rvfi_csr_misa_rmask' using process `\nerv.$proc$nerv.sv:1150$769'.
  created $dff cell `$procdff$16713' with positive edge clock.
Creating register for signal `\nerv.\rvfi_csr_misa_wmask' using process `\nerv.$proc$nerv.sv:1150$769'.
  created $dff cell `$procdff$16714' with positive edge clock.
Creating register for signal `\nerv.\rvfi_csr_misa_rdata' using process `\nerv.$proc$nerv.sv:1150$769'.
  created $dff cell `$procdff$16715' with positive edge clock.
Creating register for signal `\nerv.\rvfi_csr_misa_wdata' using process `\nerv.$proc$nerv.sv:1150$769'.
  created $dff cell `$procdff$16716' with positive edge clock.
Creating register for signal `\nerv.\rvfi_csr_mie_rmask' using process `\nerv.$proc$nerv.sv:1150$769'.
  created $dff cell `$procdff$16717' with positive edge clock.
Creating register for signal `\nerv.\rvfi_csr_mie_wmask' using process `\nerv.$proc$nerv.sv:1150$769'.
  created $dff cell `$procdff$16718' with positive edge clock.
Creating register for signal `\nerv.\rvfi_csr_mie_rdata' using process `\nerv.$proc$nerv.sv:1150$769'.
  created $dff cell `$procdff$16719' with positive edge clock.
Creating register for signal `\nerv.\rvfi_csr_mie_wdata' using process `\nerv.$proc$nerv.sv:1150$769'.
  created $dff cell `$procdff$16720' with positive edge clock.
Creating register for signal `\nerv.\rvfi_csr_mtvec_rmask' using process `\nerv.$proc$nerv.sv:1150$769'.
  created $dff cell `$procdff$16721' with positive edge clock.
Creating register for signal `\nerv.\rvfi_csr_mtvec_wmask' using process `\nerv.$proc$nerv.sv:1150$769'.
  created $dff cell `$procdff$16722' with positive edge clock.
Creating register for signal `\nerv.\rvfi_csr_mtvec_wdata' using process `\nerv.$proc$nerv.sv:1150$769'.
  created $dff cell `$procdff$16723' with positive edge clock.
Creating register for signal `\nerv.\rvfi_csr_mstatush_rmask' using process `\nerv.$proc$nerv.sv:1150$769'.
  created $dff cell `$procdff$16724' with positive edge clock.
Creating register for signal `\nerv.\rvfi_csr_mstatush_wmask' using process `\nerv.$proc$nerv.sv:1150$769'.
  created $dff cell `$procdff$16725' with positive edge clock.
Creating register for signal `\nerv.\rvfi_csr_mstatush_rdata' using process `\nerv.$proc$nerv.sv:1150$769'.
  created $dff cell `$procdff$16726' with positive edge clock.
Creating register for signal `\nerv.\rvfi_csr_mstatush_wdata' using process `\nerv.$proc$nerv.sv:1150$769'.
  created $dff cell `$procdff$16727' with positive edge clock.
Creating register for signal `\nerv.\rvfi_csr_mscratch_rmask' using process `\nerv.$proc$nerv.sv:1150$769'.
  created $dff cell `$procdff$16728' with positive edge clock.
Creating register for signal `\nerv.\rvfi_csr_mscratch_wmask' using process `\nerv.$proc$nerv.sv:1150$769'.
  created $dff cell `$procdff$16729' with positive edge clock.
Creating register for signal `\nerv.\rvfi_csr_mscratch_wdata' using process `\nerv.$proc$nerv.sv:1150$769'.
  created $dff cell `$procdff$16730' with positive edge clock.
Creating register for signal `\nerv.\rvfi_csr_mepc_rmask' using process `\nerv.$proc$nerv.sv:1150$769'.
  created $dff cell `$procdff$16731' with positive edge clock.
Creating register for signal `\nerv.\rvfi_csr_mepc_wmask' using process `\nerv.$proc$nerv.sv:1150$769'.
  created $dff cell `$procdff$16732' with positive edge clock.
Creating register for signal `\nerv.\rvfi_csr_mepc_wdata' using process `\nerv.$proc$nerv.sv:1150$769'.
  created $dff cell `$procdff$16733' with positive edge clock.
Creating register for signal `\nerv.\rvfi_csr_mcause_rmask' using process `\nerv.$proc$nerv.sv:1150$769'.
  created $dff cell `$procdff$16734' with positive edge clock.
Creating register for signal `\nerv.\rvfi_csr_mcause_wmask' using process `\nerv.$proc$nerv.sv:1150$769'.
  created $dff cell `$procdff$16735' with positive edge clock.
Creating register for signal `\nerv.\rvfi_csr_mcause_rdata' using process `\nerv.$proc$nerv.sv:1150$769'.
  created $dff cell `$procdff$16736' with positive edge clock.
Creating register for signal `\nerv.\rvfi_csr_mcause_wdata' using process `\nerv.$proc$nerv.sv:1150$769'.
  created $dff cell `$procdff$16737' with positive edge clock.
Creating register for signal `\nerv.\rvfi_csr_mtval_rmask' using process `\nerv.$proc$nerv.sv:1150$769'.
  created $dff cell `$procdff$16738' with positive edge clock.
Creating register for signal `\nerv.\rvfi_csr_mtval_wmask' using process `\nerv.$proc$nerv.sv:1150$769'.
  created $dff cell `$procdff$16739' with positive edge clock.
Creating register for signal `\nerv.\rvfi_csr_mtval_wdata' using process `\nerv.$proc$nerv.sv:1150$769'.
  created $dff cell `$procdff$16740' with positive edge clock.
Creating register for signal `\nerv.\rvfi_csr_mip_rmask' using process `\nerv.$proc$nerv.sv:1150$769'.
  created $dff cell `$procdff$16741' with positive edge clock.
Creating register for signal `\nerv.\rvfi_csr_mip_wmask' using process `\nerv.$proc$nerv.sv:1150$769'.
  created $dff cell `$procdff$16742' with positive edge clock.
Creating register for signal `\nerv.\rvfi_csr_mip_rdata' using process `\nerv.$proc$nerv.sv:1150$769'.
  created $dff cell `$procdff$16743' with positive edge clock.
Creating register for signal `\nerv.\rvfi_csr_mip_wdata' using process `\nerv.$proc$nerv.sv:1150$769'.
  created $dff cell `$procdff$16744' with positive edge clock.
Creating register for signal `\nerv.\rvfi_csr_mcycle_rmask' using process `\nerv.$proc$nerv.sv:1150$769'.
  created $dff cell `$procdff$16745' with positive edge clock.
Creating register for signal `\nerv.\rvfi_csr_mcycle_wmask' using process `\nerv.$proc$nerv.sv:1150$769'.
  created $dff cell `$procdff$16746' with positive edge clock.
Creating register for signal `\nerv.\rvfi_csr_mcycle_rdata' using process `\nerv.$proc$nerv.sv:1150$769'.
  created $dff cell `$procdff$16747' with positive edge clock.
Creating register for signal `\nerv.\rvfi_csr_mcycle_wdata' using process `\nerv.$proc$nerv.sv:1150$769'.
  created $dff cell `$procdff$16748' with positive edge clock.
Creating register for signal `\nerv.\rvfi_csr_minstret_rmask' using process `\nerv.$proc$nerv.sv:1150$769'.
  created $dff cell `$procdff$16749' with positive edge clock.
Creating register for signal `\nerv.\rvfi_csr_minstret_wmask' using process `\nerv.$proc$nerv.sv:1150$769'.
  created $dff cell `$procdff$16750' with positive edge clock.
Creating register for signal `\nerv.\rvfi_csr_minstret_rdata' using process `\nerv.$proc$nerv.sv:1150$769'.
  created $dff cell `$procdff$16751' with positive edge clock.
Creating register for signal `\nerv.\rvfi_csr_minstret_wdata' using process `\nerv.$proc$nerv.sv:1150$769'.
  created $dff cell `$procdff$16752' with positive edge clock.
Creating register for signal `\nerv.\rvfi_csr_mhpmcounter3_rmask' using process `\nerv.$proc$nerv.sv:1150$769'.
  created $dff cell `$procdff$16753' with positive edge clock.
Creating register for signal `\nerv.\rvfi_csr_mhpmcounter3_wmask' using process `\nerv.$proc$nerv.sv:1150$769'.
  created $dff cell `$procdff$16754' with positive edge clock.
Creating register for signal `\nerv.\rvfi_csr_mhpmcounter3_rdata' using process `\nerv.$proc$nerv.sv:1150$769'.
  created $dff cell `$procdff$16755' with positive edge clock.
Creating register for signal `\nerv.\rvfi_csr_mhpmcounter3_wdata' using process `\nerv.$proc$nerv.sv:1150$769'.
  created $dff cell `$procdff$16756' with positive edge clock.
Creating register for signal `\nerv.\rvfi_csr_mhpmcounter4_rmask' using process `\nerv.$proc$nerv.sv:1150$769'.
  created $dff cell `$procdff$16757' with positive edge clock.
Creating register for signal `\nerv.\rvfi_csr_mhpmcounter4_wmask' using process `\nerv.$proc$nerv.sv:1150$769'.
  created $dff cell `$procdff$16758' with positive edge clock.
Creating register for signal `\nerv.\rvfi_csr_mhpmcounter4_rdata' using process `\nerv.$proc$nerv.sv:1150$769'.
  created $dff cell `$procdff$16759' with positive edge clock.
Creating register for signal `\nerv.\rvfi_csr_mhpmcounter4_wdata' using process `\nerv.$proc$nerv.sv:1150$769'.
  created $dff cell `$procdff$16760' with positive edge clock.
Creating register for signal `\nerv.\rvfi_csr_mhpmcounter5_rmask' using process `\nerv.$proc$nerv.sv:1150$769'.
  created $dff cell `$procdff$16761' with positive edge clock.
Creating register for signal `\nerv.\rvfi_csr_mhpmcounter5_wmask' using process `\nerv.$proc$nerv.sv:1150$769'.
  created $dff cell `$procdff$16762' with positive edge clock.
Creating register for signal `\nerv.\rvfi_csr_mhpmcounter5_rdata' using process `\nerv.$proc$nerv.sv:1150$769'.
  created $dff cell `$procdff$16763' with positive edge clock.
Creating register for signal `\nerv.\rvfi_csr_mhpmcounter5_wdata' using process `\nerv.$proc$nerv.sv:1150$769'.
  created $dff cell `$procdff$16764' with positive edge clock.
Creating register for signal `\nerv.\rvfi_csr_mhpmcounter6_rmask' using process `\nerv.$proc$nerv.sv:1150$769'.
  created $dff cell `$procdff$16765' with positive edge clock.
Creating register for signal `\nerv.\rvfi_csr_mhpmcounter6_wmask' using process `\nerv.$proc$nerv.sv:1150$769'.
  created $dff cell `$procdff$16766' with positive edge clock.
Creating register for signal `\nerv.\rvfi_csr_mhpmcounter6_rdata' using process `\nerv.$proc$nerv.sv:1150$769'.
  created $dff cell `$procdff$16767' with positive edge clock.
Creating register for signal `\nerv.\rvfi_csr_mhpmcounter6_wdata' using process `\nerv.$proc$nerv.sv:1150$769'.
  created $dff cell `$procdff$16768' with positive edge clock.
Creating register for signal `\nerv.\rvfi_csr_mhpmcounter7_rmask' using process `\nerv.$proc$nerv.sv:1150$769'.
  created $dff cell `$procdff$16769' with positive edge clock.
Creating register for signal `\nerv.\rvfi_csr_mhpmcounter7_wmask' using process `\nerv.$proc$nerv.sv:1150$769'.
  created $dff cell `$procdff$16770' with positive edge clock.
Creating register for signal `\nerv.\rvfi_csr_mhpmcounter7_rdata' using process `\nerv.$proc$nerv.sv:1150$769'.
  created $dff cell `$procdff$16771' with positive edge clock.
Creating register for signal `\nerv.\rvfi_csr_mhpmcounter7_wdata' using process `\nerv.$proc$nerv.sv:1150$769'.
  created $dff cell `$procdff$16772' with positive edge clock.
Creating register for signal `\nerv.\rvfi_csr_mhpmcounter8_rmask' using process `\nerv.$proc$nerv.sv:1150$769'.
  created $dff cell `$procdff$16773' with positive edge clock.
Creating register for signal `\nerv.\rvfi_csr_mhpmcounter8_wmask' using process `\nerv.$proc$nerv.sv:1150$769'.
  created $dff cell `$procdff$16774' with positive edge clock.
Creating register for signal `\nerv.\rvfi_csr_mhpmcounter8_rdata' using process `\nerv.$proc$nerv.sv:1150$769'.
  created $dff cell `$procdff$16775' with positive edge clock.
Creating register for signal `\nerv.\rvfi_csr_mhpmcounter8_wdata' using process `\nerv.$proc$nerv.sv:1150$769'.
  created $dff cell `$procdff$16776' with positive edge clock.
Creating register for signal `\nerv.\rvfi_csr_mhpmcounter9_rmask' using process `\nerv.$proc$nerv.sv:1150$769'.
  created $dff cell `$procdff$16777' with positive edge clock.
Creating register for signal `\nerv.\rvfi_csr_mhpmcounter9_wmask' using process `\nerv.$proc$nerv.sv:1150$769'.
  created $dff cell `$procdff$16778' with positive edge clock.
Creating register for signal `\nerv.\rvfi_csr_mhpmcounter9_rdata' using process `\nerv.$proc$nerv.sv:1150$769'.
  created $dff cell `$procdff$16779' with positive edge clock.
Creating register for signal `\nerv.\rvfi_csr_mhpmcounter9_wdata' using process `\nerv.$proc$nerv.sv:1150$769'.
  created $dff cell `$procdff$16780' with positive edge clock.
Creating register for signal `\nerv.\rvfi_csr_mhpmcounter10_rmask' using process `\nerv.$proc$nerv.sv:1150$769'.
  created $dff cell `$procdff$16781' with positive edge clock.
Creating register for signal `\nerv.\rvfi_csr_mhpmcounter10_wmask' using process `\nerv.$proc$nerv.sv:1150$769'.
  created $dff cell `$procdff$16782' with positive edge clock.
Creating register for signal `\nerv.\rvfi_csr_mhpmcounter10_rdata' using process `\nerv.$proc$nerv.sv:1150$769'.
  created $dff cell `$procdff$16783' with positive edge clock.
Creating register for signal `\nerv.\rvfi_csr_mhpmcounter10_wdata' using process `\nerv.$proc$nerv.sv:1150$769'.
  created $dff cell `$procdff$16784' with positive edge clock.
Creating register for signal `\nerv.\rvfi_csr_mhpmcounter11_rmask' using process `\nerv.$proc$nerv.sv:1150$769'.
  created $dff cell `$procdff$16785' with positive edge clock.
Creating register for signal `\nerv.\rvfi_csr_mhpmcounter11_wmask' using process `\nerv.$proc$nerv.sv:1150$769'.
  created $dff cell `$procdff$16786' with positive edge clock.
Creating register for signal `\nerv.\rvfi_csr_mhpmcounter11_rdata' using process `\nerv.$proc$nerv.sv:1150$769'.
  created $dff cell `$procdff$16787' with positive edge clock.
Creating register for signal `\nerv.\rvfi_csr_mhpmcounter11_wdata' using process `\nerv.$proc$nerv.sv:1150$769'.
  created $dff cell `$procdff$16788' with positive edge clock.
Creating register for signal `\nerv.\rvfi_csr_mhpmcounter12_rmask' using process `\nerv.$proc$nerv.sv:1150$769'.
  created $dff cell `$procdff$16789' with positive edge clock.
Creating register for signal `\nerv.\rvfi_csr_mhpmcounter12_wmask' using process `\nerv.$proc$nerv.sv:1150$769'.
  created $dff cell `$procdff$16790' with positive edge clock.
Creating register for signal `\nerv.\rvfi_csr_mhpmcounter12_rdata' using process `\nerv.$proc$nerv.sv:1150$769'.
  created $dff cell `$procdff$16791' with positive edge clock.
Creating register for signal `\nerv.\rvfi_csr_mhpmcounter12_wdata' using process `\nerv.$proc$nerv.sv:1150$769'.
  created $dff cell `$procdff$16792' with positive edge clock.
Creating register for signal `\nerv.\rvfi_csr_mhpmcounter13_rmask' using process `\nerv.$proc$nerv.sv:1150$769'.
  created $dff cell `$procdff$16793' with positive edge clock.
Creating register for signal `\nerv.\rvfi_csr_mhpmcounter13_wmask' using process `\nerv.$proc$nerv.sv:1150$769'.
  created $dff cell `$procdff$16794' with positive edge clock.
Creating register for signal `\nerv.\rvfi_csr_mhpmcounter13_rdata' using process `\nerv.$proc$nerv.sv:1150$769'.
  created $dff cell `$procdff$16795' with positive edge clock.
Creating register for signal `\nerv.\rvfi_csr_mhpmcounter13_wdata' using process `\nerv.$proc$nerv.sv:1150$769'.
  created $dff cell `$procdff$16796' with positive edge clock.
Creating register for signal `\nerv.\rvfi_csr_mhpmcounter14_rmask' using process `\nerv.$proc$nerv.sv:1150$769'.
  created $dff cell `$procdff$16797' with positive edge clock.
Creating register for signal `\nerv.\rvfi_csr_mhpmcounter14_wmask' using process `\nerv.$proc$nerv.sv:1150$769'.
  created $dff cell `$procdff$16798' with positive edge clock.
Creating register for signal `\nerv.\rvfi_csr_mhpmcounter14_rdata' using process `\nerv.$proc$nerv.sv:1150$769'.
  created $dff cell `$procdff$16799' with positive edge clock.
Creating register for signal `\nerv.\rvfi_csr_mhpmcounter14_wdata' using process `\nerv.$proc$nerv.sv:1150$769'.
  created $dff cell `$procdff$16800' with positive edge clock.
Creating register for signal `\nerv.\rvfi_csr_mhpmcounter15_rmask' using process `\nerv.$proc$nerv.sv:1150$769'.
  created $dff cell `$procdff$16801' with positive edge clock.
Creating register for signal `\nerv.\rvfi_csr_mhpmcounter15_wmask' using process `\nerv.$proc$nerv.sv:1150$769'.
  created $dff cell `$procdff$16802' with positive edge clock.
Creating register for signal `\nerv.\rvfi_csr_mhpmcounter15_rdata' using process `\nerv.$proc$nerv.sv:1150$769'.
  created $dff cell `$procdff$16803' with positive edge clock.
Creating register for signal `\nerv.\rvfi_csr_mhpmcounter15_wdata' using process `\nerv.$proc$nerv.sv:1150$769'.
  created $dff cell `$procdff$16804' with positive edge clock.
Creating register for signal `\nerv.\rvfi_csr_mhpmcounter16_rmask' using process `\nerv.$proc$nerv.sv:1150$769'.
  created $dff cell `$procdff$16805' with positive edge clock.
Creating register for signal `\nerv.\rvfi_csr_mhpmcounter16_wmask' using process `\nerv.$proc$nerv.sv:1150$769'.
  created $dff cell `$procdff$16806' with positive edge clock.
Creating register for signal `\nerv.\rvfi_csr_mhpmcounter16_rdata' using process `\nerv.$proc$nerv.sv:1150$769'.
  created $dff cell `$procdff$16807' with positive edge clock.
Creating register for signal `\nerv.\rvfi_csr_mhpmcounter16_wdata' using process `\nerv.$proc$nerv.sv:1150$769'.
  created $dff cell `$procdff$16808' with positive edge clock.
Creating register for signal `\nerv.\rvfi_csr_mhpmcounter17_rmask' using process `\nerv.$proc$nerv.sv:1150$769'.
  created $dff cell `$procdff$16809' with positive edge clock.
Creating register for signal `\nerv.\rvfi_csr_mhpmcounter17_wmask' using process `\nerv.$proc$nerv.sv:1150$769'.
  created $dff cell `$procdff$16810' with positive edge clock.
Creating register for signal `\nerv.\rvfi_csr_mhpmcounter17_rdata' using process `\nerv.$proc$nerv.sv:1150$769'.
  created $dff cell `$procdff$16811' with positive edge clock.
Creating register for signal `\nerv.\rvfi_csr_mhpmcounter17_wdata' using process `\nerv.$proc$nerv.sv:1150$769'.
  created $dff cell `$procdff$16812' with positive edge clock.
Creating register for signal `\nerv.\rvfi_csr_mhpmcounter18_rmask' using process `\nerv.$proc$nerv.sv:1150$769'.
  created $dff cell `$procdff$16813' with positive edge clock.
Creating register for signal `\nerv.\rvfi_csr_mhpmcounter18_wmask' using process `\nerv.$proc$nerv.sv:1150$769'.
  created $dff cell `$procdff$16814' with positive edge clock.
Creating register for signal `\nerv.\rvfi_csr_mhpmcounter18_rdata' using process `\nerv.$proc$nerv.sv:1150$769'.
  created $dff cell `$procdff$16815' with positive edge clock.
Creating register for signal `\nerv.\rvfi_csr_mhpmcounter18_wdata' using process `\nerv.$proc$nerv.sv:1150$769'.
  created $dff cell `$procdff$16816' with positive edge clock.
Creating register for signal `\nerv.\rvfi_csr_mhpmcounter19_rmask' using process `\nerv.$proc$nerv.sv:1150$769'.
  created $dff cell `$procdff$16817' with positive edge clock.
Creating register for signal `\nerv.\rvfi_csr_mhpmcounter19_wmask' using process `\nerv.$proc$nerv.sv:1150$769'.
  created $dff cell `$procdff$16818' with positive edge clock.
Creating register for signal `\nerv.\rvfi_csr_mhpmcounter19_rdata' using process `\nerv.$proc$nerv.sv:1150$769'.
  created $dff cell `$procdff$16819' with positive edge clock.
Creating register for signal `\nerv.\rvfi_csr_mhpmcounter19_wdata' using process `\nerv.$proc$nerv.sv:1150$769'.
  created $dff cell `$procdff$16820' with positive edge clock.
Creating register for signal `\nerv.\rvfi_csr_mhpmcounter20_rmask' using process `\nerv.$proc$nerv.sv:1150$769'.
  created $dff cell `$procdff$16821' with positive edge clock.
Creating register for signal `\nerv.\rvfi_csr_mhpmcounter20_wmask' using process `\nerv.$proc$nerv.sv:1150$769'.
  created $dff cell `$procdff$16822' with positive edge clock.
Creating register for signal `\nerv.\rvfi_csr_mhpmcounter20_rdata' using process `\nerv.$proc$nerv.sv:1150$769'.
  created $dff cell `$procdff$16823' with positive edge clock.
Creating register for signal `\nerv.\rvfi_csr_mhpmcounter20_wdata' using process `\nerv.$proc$nerv.sv:1150$769'.
  created $dff cell `$procdff$16824' with positive edge clock.
Creating register for signal `\nerv.\rvfi_csr_mhpmcounter21_rmask' using process `\nerv.$proc$nerv.sv:1150$769'.
  created $dff cell `$procdff$16825' with positive edge clock.
Creating register for signal `\nerv.\rvfi_csr_mhpmcounter21_wmask' using process `\nerv.$proc$nerv.sv:1150$769'.
  created $dff cell `$procdff$16826' with positive edge clock.
Creating register for signal `\nerv.\rvfi_csr_mhpmcounter21_rdata' using process `\nerv.$proc$nerv.sv:1150$769'.
  created $dff cell `$procdff$16827' with positive edge clock.
Creating register for signal `\nerv.\rvfi_csr_mhpmcounter21_wdata' using process `\nerv.$proc$nerv.sv:1150$769'.
  created $dff cell `$procdff$16828' with positive edge clock.
Creating register for signal `\nerv.\rvfi_csr_mhpmcounter22_rmask' using process `\nerv.$proc$nerv.sv:1150$769'.
  created $dff cell `$procdff$16829' with positive edge clock.
Creating register for signal `\nerv.\rvfi_csr_mhpmcounter22_wmask' using process `\nerv.$proc$nerv.sv:1150$769'.
  created $dff cell `$procdff$16830' with positive edge clock.
Creating register for signal `\nerv.\rvfi_csr_mhpmcounter22_rdata' using process `\nerv.$proc$nerv.sv:1150$769'.
  created $dff cell `$procdff$16831' with positive edge clock.
Creating register for signal `\nerv.\rvfi_csr_mhpmcounter22_wdata' using process `\nerv.$proc$nerv.sv:1150$769'.
  created $dff cell `$procdff$16832' with positive edge clock.
Creating register for signal `\nerv.\rvfi_csr_mhpmcounter23_rmask' using process `\nerv.$proc$nerv.sv:1150$769'.
  created $dff cell `$procdff$16833' with positive edge clock.
Creating register for signal `\nerv.\rvfi_csr_mhpmcounter23_wmask' using process `\nerv.$proc$nerv.sv:1150$769'.
  created $dff cell `$procdff$16834' with positive edge clock.
Creating register for signal `\nerv.\rvfi_csr_mhpmcounter23_rdata' using process `\nerv.$proc$nerv.sv:1150$769'.
  created $dff cell `$procdff$16835' with positive edge clock.
Creating register for signal `\nerv.\rvfi_csr_mhpmcounter23_wdata' using process `\nerv.$proc$nerv.sv:1150$769'.
  created $dff cell `$procdff$16836' with positive edge clock.
Creating register for signal `\nerv.\rvfi_csr_mhpmcounter24_rmask' using process `\nerv.$proc$nerv.sv:1150$769'.
  created $dff cell `$procdff$16837' with positive edge clock.
Creating register for signal `\nerv.\rvfi_csr_mhpmcounter24_wmask' using process `\nerv.$proc$nerv.sv:1150$769'.
  created $dff cell `$procdff$16838' with positive edge clock.
Creating register for signal `\nerv.\rvfi_csr_mhpmcounter24_rdata' using process `\nerv.$proc$nerv.sv:1150$769'.
  created $dff cell `$procdff$16839' with positive edge clock.
Creating register for signal `\nerv.\rvfi_csr_mhpmcounter24_wdata' using process `\nerv.$proc$nerv.sv:1150$769'.
  created $dff cell `$procdff$16840' with positive edge clock.
Creating register for signal `\nerv.\rvfi_csr_mhpmcounter25_rmask' using process `\nerv.$proc$nerv.sv:1150$769'.
  created $dff cell `$procdff$16841' with positive edge clock.
Creating register for signal `\nerv.\rvfi_csr_mhpmcounter25_wmask' using process `\nerv.$proc$nerv.sv:1150$769'.
  created $dff cell `$procdff$16842' with positive edge clock.
Creating register for signal `\nerv.\rvfi_csr_mhpmcounter25_rdata' using process `\nerv.$proc$nerv.sv:1150$769'.
  created $dff cell `$procdff$16843' with positive edge clock.
Creating register for signal `\nerv.\rvfi_csr_mhpmcounter25_wdata' using process `\nerv.$proc$nerv.sv:1150$769'.
  created $dff cell `$procdff$16844' with positive edge clock.
Creating register for signal `\nerv.\rvfi_csr_mhpmcounter26_rmask' using process `\nerv.$proc$nerv.sv:1150$769'.
  created $dff cell `$procdff$16845' with positive edge clock.
Creating register for signal `\nerv.\rvfi_csr_mhpmcounter26_wmask' using process `\nerv.$proc$nerv.sv:1150$769'.
  created $dff cell `$procdff$16846' with positive edge clock.
Creating register for signal `\nerv.\rvfi_csr_mhpmcounter26_rdata' using process `\nerv.$proc$nerv.sv:1150$769'.
  created $dff cell `$procdff$16847' with positive edge clock.
Creating register for signal `\nerv.\rvfi_csr_mhpmcounter26_wdata' using process `\nerv.$proc$nerv.sv:1150$769'.
  created $dff cell `$procdff$16848' with positive edge clock.
Creating register for signal `\nerv.\rvfi_csr_mhpmcounter27_rmask' using process `\nerv.$proc$nerv.sv:1150$769'.
  created $dff cell `$procdff$16849' with positive edge clock.
Creating register for signal `\nerv.\rvfi_csr_mhpmcounter27_wmask' using process `\nerv.$proc$nerv.sv:1150$769'.
  created $dff cell `$procdff$16850' with positive edge clock.
Creating register for signal `\nerv.\rvfi_csr_mhpmcounter27_rdata' using process `\nerv.$proc$nerv.sv:1150$769'.
  created $dff cell `$procdff$16851' with positive edge clock.
Creating register for signal `\nerv.\rvfi_csr_mhpmcounter27_wdata' using process `\nerv.$proc$nerv.sv:1150$769'.
  created $dff cell `$procdff$16852' with positive edge clock.
Creating register for signal `\nerv.\rvfi_csr_mhpmcounter28_rmask' using process `\nerv.$proc$nerv.sv:1150$769'.
  created $dff cell `$procdff$16853' with positive edge clock.
Creating register for signal `\nerv.\rvfi_csr_mhpmcounter28_wmask' using process `\nerv.$proc$nerv.sv:1150$769'.
  created $dff cell `$procdff$16854' with positive edge clock.
Creating register for signal `\nerv.\rvfi_csr_mhpmcounter28_rdata' using process `\nerv.$proc$nerv.sv:1150$769'.
  created $dff cell `$procdff$16855' with positive edge clock.
Creating register for signal `\nerv.\rvfi_csr_mhpmcounter28_wdata' using process `\nerv.$proc$nerv.sv:1150$769'.
  created $dff cell `$procdff$16856' with positive edge clock.
Creating register for signal `\nerv.\rvfi_csr_mhpmcounter29_rmask' using process `\nerv.$proc$nerv.sv:1150$769'.
  created $dff cell `$procdff$16857' with positive edge clock.
Creating register for signal `\nerv.\rvfi_csr_mhpmcounter29_wmask' using process `\nerv.$proc$nerv.sv:1150$769'.
  created $dff cell `$procdff$16858' with positive edge clock.
Creating register for signal `\nerv.\rvfi_csr_mhpmcounter29_rdata' using process `\nerv.$proc$nerv.sv:1150$769'.
  created $dff cell `$procdff$16859' with positive edge clock.
Creating register for signal `\nerv.\rvfi_csr_mhpmcounter29_wdata' using process `\nerv.$proc$nerv.sv:1150$769'.
  created $dff cell `$procdff$16860' with positive edge clock.
Creating register for signal `\nerv.\rvfi_csr_mhpmcounter30_rmask' using process `\nerv.$proc$nerv.sv:1150$769'.
  created $dff cell `$procdff$16861' with positive edge clock.
Creating register for signal `\nerv.\rvfi_csr_mhpmcounter30_wmask' using process `\nerv.$proc$nerv.sv:1150$769'.
  created $dff cell `$procdff$16862' with positive edge clock.
Creating register for signal `\nerv.\rvfi_csr_mhpmcounter30_rdata' using process `\nerv.$proc$nerv.sv:1150$769'.
  created $dff cell `$procdff$16863' with positive edge clock.
Creating register for signal `\nerv.\rvfi_csr_mhpmcounter30_wdata' using process `\nerv.$proc$nerv.sv:1150$769'.
  created $dff cell `$procdff$16864' with positive edge clock.
Creating register for signal `\nerv.\rvfi_csr_mhpmcounter31_rmask' using process `\nerv.$proc$nerv.sv:1150$769'.
  created $dff cell `$procdff$16865' with positive edge clock.
Creating register for signal `\nerv.\rvfi_csr_mhpmcounter31_wmask' using process `\nerv.$proc$nerv.sv:1150$769'.
  created $dff cell `$procdff$16866' with positive edge clock.
Creating register for signal `\nerv.\rvfi_csr_mhpmcounter31_rdata' using process `\nerv.$proc$nerv.sv:1150$769'.
  created $dff cell `$procdff$16867' with positive edge clock.
Creating register for signal `\nerv.\rvfi_csr_mhpmcounter31_wdata' using process `\nerv.$proc$nerv.sv:1150$769'.
  created $dff cell `$procdff$16868' with positive edge clock.
Creating register for signal `\nerv.\rvfi_csr_mcycleh_rmask' using process `\nerv.$proc$nerv.sv:1150$769'.
  created $dff cell `$procdff$16869' with positive edge clock.
Creating register for signal `\nerv.\rvfi_csr_mcycleh_wmask' using process `\nerv.$proc$nerv.sv:1150$769'.
  created $dff cell `$procdff$16870' with positive edge clock.
Creating register for signal `\nerv.\rvfi_csr_mcycleh_rdata' using process `\nerv.$proc$nerv.sv:1150$769'.
  created $dff cell `$procdff$16871' with positive edge clock.
Creating register for signal `\nerv.\rvfi_csr_mcycleh_wdata' using process `\nerv.$proc$nerv.sv:1150$769'.
  created $dff cell `$procdff$16872' with positive edge clock.
Creating register for signal `\nerv.\rvfi_csr_minstreth_rmask' using process `\nerv.$proc$nerv.sv:1150$769'.
  created $dff cell `$procdff$16873' with positive edge clock.
Creating register for signal `\nerv.\rvfi_csr_minstreth_wmask' using process `\nerv.$proc$nerv.sv:1150$769'.
  created $dff cell `$procdff$16874' with positive edge clock.
Creating register for signal `\nerv.\rvfi_csr_minstreth_rdata' using process `\nerv.$proc$nerv.sv:1150$769'.
  created $dff cell `$procdff$16875' with positive edge clock.
Creating register for signal `\nerv.\rvfi_csr_minstreth_wdata' using process `\nerv.$proc$nerv.sv:1150$769'.
  created $dff cell `$procdff$16876' with positive edge clock.
Creating register for signal `\nerv.\rvfi_csr_mhpmcounter3h_rmask' using process `\nerv.$proc$nerv.sv:1150$769'.
  created $dff cell `$procdff$16877' with positive edge clock.
Creating register for signal `\nerv.\rvfi_csr_mhpmcounter3h_wmask' using process `\nerv.$proc$nerv.sv:1150$769'.
  created $dff cell `$procdff$16878' with positive edge clock.
Creating register for signal `\nerv.\rvfi_csr_mhpmcounter3h_rdata' using process `\nerv.$proc$nerv.sv:1150$769'.
  created $dff cell `$procdff$16879' with positive edge clock.
Creating register for signal `\nerv.\rvfi_csr_mhpmcounter3h_wdata' using process `\nerv.$proc$nerv.sv:1150$769'.
  created $dff cell `$procdff$16880' with positive edge clock.
Creating register for signal `\nerv.\rvfi_csr_mhpmcounter4h_rmask' using process `\nerv.$proc$nerv.sv:1150$769'.
  created $dff cell `$procdff$16881' with positive edge clock.
Creating register for signal `\nerv.\rvfi_csr_mhpmcounter4h_wmask' using process `\nerv.$proc$nerv.sv:1150$769'.
  created $dff cell `$procdff$16882' with positive edge clock.
Creating register for signal `\nerv.\rvfi_csr_mhpmcounter4h_rdata' using process `\nerv.$proc$nerv.sv:1150$769'.
  created $dff cell `$procdff$16883' with positive edge clock.
Creating register for signal `\nerv.\rvfi_csr_mhpmcounter4h_wdata' using process `\nerv.$proc$nerv.sv:1150$769'.
  created $dff cell `$procdff$16884' with positive edge clock.
Creating register for signal `\nerv.\rvfi_csr_mhpmcounter5h_rmask' using process `\nerv.$proc$nerv.sv:1150$769'.
  created $dff cell `$procdff$16885' with positive edge clock.
Creating register for signal `\nerv.\rvfi_csr_mhpmcounter5h_wmask' using process `\nerv.$proc$nerv.sv:1150$769'.
  created $dff cell `$procdff$16886' with positive edge clock.
Creating register for signal `\nerv.\rvfi_csr_mhpmcounter5h_rdata' using process `\nerv.$proc$nerv.sv:1150$769'.
  created $dff cell `$procdff$16887' with positive edge clock.
Creating register for signal `\nerv.\rvfi_csr_mhpmcounter5h_wdata' using process `\nerv.$proc$nerv.sv:1150$769'.
  created $dff cell `$procdff$16888' with positive edge clock.
Creating register for signal `\nerv.\rvfi_csr_mhpmcounter6h_rmask' using process `\nerv.$proc$nerv.sv:1150$769'.
  created $dff cell `$procdff$16889' with positive edge clock.
Creating register for signal `\nerv.\rvfi_csr_mhpmcounter6h_wmask' using process `\nerv.$proc$nerv.sv:1150$769'.
  created $dff cell `$procdff$16890' with positive edge clock.
Creating register for signal `\nerv.\rvfi_csr_mhpmcounter6h_rdata' using process `\nerv.$proc$nerv.sv:1150$769'.
  created $dff cell `$procdff$16891' with positive edge clock.
Creating register for signal `\nerv.\rvfi_csr_mhpmcounter6h_wdata' using process `\nerv.$proc$nerv.sv:1150$769'.
  created $dff cell `$procdff$16892' with positive edge clock.
Creating register for signal `\nerv.\rvfi_csr_mhpmcounter7h_rmask' using process `\nerv.$proc$nerv.sv:1150$769'.
  created $dff cell `$procdff$16893' with positive edge clock.
Creating register for signal `\nerv.\rvfi_csr_mhpmcounter7h_wmask' using process `\nerv.$proc$nerv.sv:1150$769'.
  created $dff cell `$procdff$16894' with positive edge clock.
Creating register for signal `\nerv.\rvfi_csr_mhpmcounter7h_rdata' using process `\nerv.$proc$nerv.sv:1150$769'.
  created $dff cell `$procdff$16895' with positive edge clock.
Creating register for signal `\nerv.\rvfi_csr_mhpmcounter7h_wdata' using process `\nerv.$proc$nerv.sv:1150$769'.
  created $dff cell `$procdff$16896' with positive edge clock.
Creating register for signal `\nerv.\rvfi_csr_mhpmcounter8h_rmask' using process `\nerv.$proc$nerv.sv:1150$769'.
  created $dff cell `$procdff$16897' with positive edge clock.
Creating register for signal `\nerv.\rvfi_csr_mhpmcounter8h_wmask' using process `\nerv.$proc$nerv.sv:1150$769'.
  created $dff cell `$procdff$16898' with positive edge clock.
Creating register for signal `\nerv.\rvfi_csr_mhpmcounter8h_rdata' using process `\nerv.$proc$nerv.sv:1150$769'.
  created $dff cell `$procdff$16899' with positive edge clock.
Creating register for signal `\nerv.\rvfi_csr_mhpmcounter8h_wdata' using process `\nerv.$proc$nerv.sv:1150$769'.
  created $dff cell `$procdff$16900' with positive edge clock.
Creating register for signal `\nerv.\rvfi_csr_mhpmcounter9h_rmask' using process `\nerv.$proc$nerv.sv:1150$769'.
  created $dff cell `$procdff$16901' with positive edge clock.
Creating register for signal `\nerv.\rvfi_csr_mhpmcounter9h_wmask' using process `\nerv.$proc$nerv.sv:1150$769'.
  created $dff cell `$procdff$16902' with positive edge clock.
Creating register for signal `\nerv.\rvfi_csr_mhpmcounter9h_rdata' using process `\nerv.$proc$nerv.sv:1150$769'.
  created $dff cell `$procdff$16903' with positive edge clock.
Creating register for signal `\nerv.\rvfi_csr_mhpmcounter9h_wdata' using process `\nerv.$proc$nerv.sv:1150$769'.
  created $dff cell `$procdff$16904' with positive edge clock.
Creating register for signal `\nerv.\rvfi_csr_mhpmcounter10h_rmask' using process `\nerv.$proc$nerv.sv:1150$769'.
  created $dff cell `$procdff$16905' with positive edge clock.
Creating register for signal `\nerv.\rvfi_csr_mhpmcounter10h_wmask' using process `\nerv.$proc$nerv.sv:1150$769'.
  created $dff cell `$procdff$16906' with positive edge clock.
Creating register for signal `\nerv.\rvfi_csr_mhpmcounter10h_rdata' using process `\nerv.$proc$nerv.sv:1150$769'.
  created $dff cell `$procdff$16907' with positive edge clock.
Creating register for signal `\nerv.\rvfi_csr_mhpmcounter10h_wdata' using process `\nerv.$proc$nerv.sv:1150$769'.
  created $dff cell `$procdff$16908' with positive edge clock.
Creating register for signal `\nerv.\rvfi_csr_mhpmcounter11h_rmask' using process `\nerv.$proc$nerv.sv:1150$769'.
  created $dff cell `$procdff$16909' with positive edge clock.
Creating register for signal `\nerv.\rvfi_csr_mhpmcounter11h_wmask' using process `\nerv.$proc$nerv.sv:1150$769'.
  created $dff cell `$procdff$16910' with positive edge clock.
Creating register for signal `\nerv.\rvfi_csr_mhpmcounter11h_rdata' using process `\nerv.$proc$nerv.sv:1150$769'.
  created $dff cell `$procdff$16911' with positive edge clock.
Creating register for signal `\nerv.\rvfi_csr_mhpmcounter11h_wdata' using process `\nerv.$proc$nerv.sv:1150$769'.
  created $dff cell `$procdff$16912' with positive edge clock.
Creating register for signal `\nerv.\rvfi_csr_mhpmcounter12h_rmask' using process `\nerv.$proc$nerv.sv:1150$769'.
  created $dff cell `$procdff$16913' with positive edge clock.
Creating register for signal `\nerv.\rvfi_csr_mhpmcounter12h_wmask' using process `\nerv.$proc$nerv.sv:1150$769'.
  created $dff cell `$procdff$16914' with positive edge clock.
Creating register for signal `\nerv.\rvfi_csr_mhpmcounter12h_rdata' using process `\nerv.$proc$nerv.sv:1150$769'.
  created $dff cell `$procdff$16915' with positive edge clock.
Creating register for signal `\nerv.\rvfi_csr_mhpmcounter12h_wdata' using process `\nerv.$proc$nerv.sv:1150$769'.
  created $dff cell `$procdff$16916' with positive edge clock.
Creating register for signal `\nerv.\rvfi_csr_mhpmcounter13h_rmask' using process `\nerv.$proc$nerv.sv:1150$769'.
  created $dff cell `$procdff$16917' with positive edge clock.
Creating register for signal `\nerv.\rvfi_csr_mhpmcounter13h_wmask' using process `\nerv.$proc$nerv.sv:1150$769'.
  created $dff cell `$procdff$16918' with positive edge clock.
Creating register for signal `\nerv.\rvfi_csr_mhpmcounter13h_rdata' using process `\nerv.$proc$nerv.sv:1150$769'.
  created $dff cell `$procdff$16919' with positive edge clock.
Creating register for signal `\nerv.\rvfi_csr_mhpmcounter13h_wdata' using process `\nerv.$proc$nerv.sv:1150$769'.
  created $dff cell `$procdff$16920' with positive edge clock.
Creating register for signal `\nerv.\rvfi_csr_mhpmcounter14h_rmask' using process `\nerv.$proc$nerv.sv:1150$769'.
  created $dff cell `$procdff$16921' with positive edge clock.
Creating register for signal `\nerv.\rvfi_csr_mhpmcounter14h_wmask' using process `\nerv.$proc$nerv.sv:1150$769'.
  created $dff cell `$procdff$16922' with positive edge clock.
Creating register for signal `\nerv.\rvfi_csr_mhpmcounter14h_rdata' using process `\nerv.$proc$nerv.sv:1150$769'.
  created $dff cell `$procdff$16923' with positive edge clock.
Creating register for signal `\nerv.\rvfi_csr_mhpmcounter14h_wdata' using process `\nerv.$proc$nerv.sv:1150$769'.
  created $dff cell `$procdff$16924' with positive edge clock.
Creating register for signal `\nerv.\rvfi_csr_mhpmcounter15h_rmask' using process `\nerv.$proc$nerv.sv:1150$769'.
  created $dff cell `$procdff$16925' with positive edge clock.
Creating register for signal `\nerv.\rvfi_csr_mhpmcounter15h_wmask' using process `\nerv.$proc$nerv.sv:1150$769'.
  created $dff cell `$procdff$16926' with positive edge clock.
Creating register for signal `\nerv.\rvfi_csr_mhpmcounter15h_rdata' using process `\nerv.$proc$nerv.sv:1150$769'.
  created $dff cell `$procdff$16927' with positive edge clock.
Creating register for signal `\nerv.\rvfi_csr_mhpmcounter15h_wdata' using process `\nerv.$proc$nerv.sv:1150$769'.
  created $dff cell `$procdff$16928' with positive edge clock.
Creating register for signal `\nerv.\rvfi_csr_mhpmcounter16h_rmask' using process `\nerv.$proc$nerv.sv:1150$769'.
  created $dff cell `$procdff$16929' with positive edge clock.
Creating register for signal `\nerv.\rvfi_csr_mhpmcounter16h_wmask' using process `\nerv.$proc$nerv.sv:1150$769'.
  created $dff cell `$procdff$16930' with positive edge clock.
Creating register for signal `\nerv.\rvfi_csr_mhpmcounter16h_rdata' using process `\nerv.$proc$nerv.sv:1150$769'.
  created $dff cell `$procdff$16931' with positive edge clock.
Creating register for signal `\nerv.\rvfi_csr_mhpmcounter16h_wdata' using process `\nerv.$proc$nerv.sv:1150$769'.
  created $dff cell `$procdff$16932' with positive edge clock.
Creating register for signal `\nerv.\rvfi_csr_mhpmcounter17h_rmask' using process `\nerv.$proc$nerv.sv:1150$769'.
  created $dff cell `$procdff$16933' with positive edge clock.
Creating register for signal `\nerv.\rvfi_csr_mhpmcounter17h_wmask' using process `\nerv.$proc$nerv.sv:1150$769'.
  created $dff cell `$procdff$16934' with positive edge clock.
Creating register for signal `\nerv.\rvfi_csr_mhpmcounter17h_rdata' using process `\nerv.$proc$nerv.sv:1150$769'.
  created $dff cell `$procdff$16935' with positive edge clock.
Creating register for signal `\nerv.\rvfi_csr_mhpmcounter17h_wdata' using process `\nerv.$proc$nerv.sv:1150$769'.
  created $dff cell `$procdff$16936' with positive edge clock.
Creating register for signal `\nerv.\rvfi_csr_mhpmcounter18h_rmask' using process `\nerv.$proc$nerv.sv:1150$769'.
  created $dff cell `$procdff$16937' with positive edge clock.
Creating register for signal `\nerv.\rvfi_csr_mhpmcounter18h_wmask' using process `\nerv.$proc$nerv.sv:1150$769'.
  created $dff cell `$procdff$16938' with positive edge clock.
Creating register for signal `\nerv.\rvfi_csr_mhpmcounter18h_rdata' using process `\nerv.$proc$nerv.sv:1150$769'.
  created $dff cell `$procdff$16939' with positive edge clock.
Creating register for signal `\nerv.\rvfi_csr_mhpmcounter18h_wdata' using process `\nerv.$proc$nerv.sv:1150$769'.
  created $dff cell `$procdff$16940' with positive edge clock.
Creating register for signal `\nerv.\rvfi_csr_mhpmcounter19h_rmask' using process `\nerv.$proc$nerv.sv:1150$769'.
  created $dff cell `$procdff$16941' with positive edge clock.
Creating register for signal `\nerv.\rvfi_csr_mhpmcounter19h_wmask' using process `\nerv.$proc$nerv.sv:1150$769'.
  created $dff cell `$procdff$16942' with positive edge clock.
Creating register for signal `\nerv.\rvfi_csr_mhpmcounter19h_rdata' using process `\nerv.$proc$nerv.sv:1150$769'.
  created $dff cell `$procdff$16943' with positive edge clock.
Creating register for signal `\nerv.\rvfi_csr_mhpmcounter19h_wdata' using process `\nerv.$proc$nerv.sv:1150$769'.
  created $dff cell `$procdff$16944' with positive edge clock.
Creating register for signal `\nerv.\rvfi_csr_mhpmcounter20h_rmask' using process `\nerv.$proc$nerv.sv:1150$769'.
  created $dff cell `$procdff$16945' with positive edge clock.
Creating register for signal `\nerv.\rvfi_csr_mhpmcounter20h_wmask' using process `\nerv.$proc$nerv.sv:1150$769'.
  created $dff cell `$procdff$16946' with positive edge clock.
Creating register for signal `\nerv.\rvfi_csr_mhpmcounter20h_rdata' using process `\nerv.$proc$nerv.sv:1150$769'.
  created $dff cell `$procdff$16947' with positive edge clock.
Creating register for signal `\nerv.\rvfi_csr_mhpmcounter20h_wdata' using process `\nerv.$proc$nerv.sv:1150$769'.
  created $dff cell `$procdff$16948' with positive edge clock.
Creating register for signal `\nerv.\rvfi_csr_mhpmcounter21h_rmask' using process `\nerv.$proc$nerv.sv:1150$769'.
  created $dff cell `$procdff$16949' with positive edge clock.
Creating register for signal `\nerv.\rvfi_csr_mhpmcounter21h_wmask' using process `\nerv.$proc$nerv.sv:1150$769'.
  created $dff cell `$procdff$16950' with positive edge clock.
Creating register for signal `\nerv.\rvfi_csr_mhpmcounter21h_rdata' using process `\nerv.$proc$nerv.sv:1150$769'.
  created $dff cell `$procdff$16951' with positive edge clock.
Creating register for signal `\nerv.\rvfi_csr_mhpmcounter21h_wdata' using process `\nerv.$proc$nerv.sv:1150$769'.
  created $dff cell `$procdff$16952' with positive edge clock.
Creating register for signal `\nerv.\rvfi_csr_mhpmcounter22h_rmask' using process `\nerv.$proc$nerv.sv:1150$769'.
  created $dff cell `$procdff$16953' with positive edge clock.
Creating register for signal `\nerv.\rvfi_csr_mhpmcounter22h_wmask' using process `\nerv.$proc$nerv.sv:1150$769'.
  created $dff cell `$procdff$16954' with positive edge clock.
Creating register for signal `\nerv.\rvfi_csr_mhpmcounter22h_rdata' using process `\nerv.$proc$nerv.sv:1150$769'.
  created $dff cell `$procdff$16955' with positive edge clock.
Creating register for signal `\nerv.\rvfi_csr_mhpmcounter22h_wdata' using process `\nerv.$proc$nerv.sv:1150$769'.
  created $dff cell `$procdff$16956' with positive edge clock.
Creating register for signal `\nerv.\rvfi_csr_mhpmcounter23h_rmask' using process `\nerv.$proc$nerv.sv:1150$769'.
  created $dff cell `$procdff$16957' with positive edge clock.
Creating register for signal `\nerv.\rvfi_csr_mhpmcounter23h_wmask' using process `\nerv.$proc$nerv.sv:1150$769'.
  created $dff cell `$procdff$16958' with positive edge clock.
Creating register for signal `\nerv.\rvfi_csr_mhpmcounter23h_rdata' using process `\nerv.$proc$nerv.sv:1150$769'.
  created $dff cell `$procdff$16959' with positive edge clock.
Creating register for signal `\nerv.\rvfi_csr_mhpmcounter23h_wdata' using process `\nerv.$proc$nerv.sv:1150$769'.
  created $dff cell `$procdff$16960' with positive edge clock.
Creating register for signal `\nerv.\rvfi_csr_mhpmcounter24h_rmask' using process `\nerv.$proc$nerv.sv:1150$769'.
  created $dff cell `$procdff$16961' with positive edge clock.
Creating register for signal `\nerv.\rvfi_csr_mhpmcounter24h_wmask' using process `\nerv.$proc$nerv.sv:1150$769'.
  created $dff cell `$procdff$16962' with positive edge clock.
Creating register for signal `\nerv.\rvfi_csr_mhpmcounter24h_rdata' using process `\nerv.$proc$nerv.sv:1150$769'.
  created $dff cell `$procdff$16963' with positive edge clock.
Creating register for signal `\nerv.\rvfi_csr_mhpmcounter24h_wdata' using process `\nerv.$proc$nerv.sv:1150$769'.
  created $dff cell `$procdff$16964' with positive edge clock.
Creating register for signal `\nerv.\rvfi_csr_mhpmcounter25h_rmask' using process `\nerv.$proc$nerv.sv:1150$769'.
  created $dff cell `$procdff$16965' with positive edge clock.
Creating register for signal `\nerv.\rvfi_csr_mhpmcounter25h_wmask' using process `\nerv.$proc$nerv.sv:1150$769'.
  created $dff cell `$procdff$16966' with positive edge clock.
Creating register for signal `\nerv.\rvfi_csr_mhpmcounter25h_rdata' using process `\nerv.$proc$nerv.sv:1150$769'.
  created $dff cell `$procdff$16967' with positive edge clock.
Creating register for signal `\nerv.\rvfi_csr_mhpmcounter25h_wdata' using process `\nerv.$proc$nerv.sv:1150$769'.
  created $dff cell `$procdff$16968' with positive edge clock.
Creating register for signal `\nerv.\rvfi_csr_mhpmcounter26h_rmask' using process `\nerv.$proc$nerv.sv:1150$769'.
  created $dff cell `$procdff$16969' with positive edge clock.
Creating register for signal `\nerv.\rvfi_csr_mhpmcounter26h_wmask' using process `\nerv.$proc$nerv.sv:1150$769'.
  created $dff cell `$procdff$16970' with positive edge clock.
Creating register for signal `\nerv.\rvfi_csr_mhpmcounter26h_rdata' using process `\nerv.$proc$nerv.sv:1150$769'.
  created $dff cell `$procdff$16971' with positive edge clock.
Creating register for signal `\nerv.\rvfi_csr_mhpmcounter26h_wdata' using process `\nerv.$proc$nerv.sv:1150$769'.
  created $dff cell `$procdff$16972' with positive edge clock.
Creating register for signal `\nerv.\rvfi_csr_mhpmcounter27h_rmask' using process `\nerv.$proc$nerv.sv:1150$769'.
  created $dff cell `$procdff$16973' with positive edge clock.
Creating register for signal `\nerv.\rvfi_csr_mhpmcounter27h_wmask' using process `\nerv.$proc$nerv.sv:1150$769'.
  created $dff cell `$procdff$16974' with positive edge clock.
Creating register for signal `\nerv.\rvfi_csr_mhpmcounter27h_rdata' using process `\nerv.$proc$nerv.sv:1150$769'.
  created $dff cell `$procdff$16975' with positive edge clock.
Creating register for signal `\nerv.\rvfi_csr_mhpmcounter27h_wdata' using process `\nerv.$proc$nerv.sv:1150$769'.
  created $dff cell `$procdff$16976' with positive edge clock.
Creating register for signal `\nerv.\rvfi_csr_mhpmcounter28h_rmask' using process `\nerv.$proc$nerv.sv:1150$769'.
  created $dff cell `$procdff$16977' with positive edge clock.
Creating register for signal `\nerv.\rvfi_csr_mhpmcounter28h_wmask' using process `\nerv.$proc$nerv.sv:1150$769'.
  created $dff cell `$procdff$16978' with positive edge clock.
Creating register for signal `\nerv.\rvfi_csr_mhpmcounter28h_rdata' using process `\nerv.$proc$nerv.sv:1150$769'.
  created $dff cell `$procdff$16979' with positive edge clock.
Creating register for signal `\nerv.\rvfi_csr_mhpmcounter28h_wdata' using process `\nerv.$proc$nerv.sv:1150$769'.
  created $dff cell `$procdff$16980' with positive edge clock.
Creating register for signal `\nerv.\rvfi_csr_mhpmcounter29h_rmask' using process `\nerv.$proc$nerv.sv:1150$769'.
  created $dff cell `$procdff$16981' with positive edge clock.
Creating register for signal `\nerv.\rvfi_csr_mhpmcounter29h_wmask' using process `\nerv.$proc$nerv.sv:1150$769'.
  created $dff cell `$procdff$16982' with positive edge clock.
Creating register for signal `\nerv.\rvfi_csr_mhpmcounter29h_rdata' using process `\nerv.$proc$nerv.sv:1150$769'.
  created $dff cell `$procdff$16983' with positive edge clock.
Creating register for signal `\nerv.\rvfi_csr_mhpmcounter29h_wdata' using process `\nerv.$proc$nerv.sv:1150$769'.
  created $dff cell `$procdff$16984' with positive edge clock.
Creating register for signal `\nerv.\rvfi_csr_mhpmcounter30h_rmask' using process `\nerv.$proc$nerv.sv:1150$769'.
  created $dff cell `$procdff$16985' with positive edge clock.
Creating register for signal `\nerv.\rvfi_csr_mhpmcounter30h_wmask' using process `\nerv.$proc$nerv.sv:1150$769'.
  created $dff cell `$procdff$16986' with positive edge clock.
Creating register for signal `\nerv.\rvfi_csr_mhpmcounter30h_rdata' using process `\nerv.$proc$nerv.sv:1150$769'.
  created $dff cell `$procdff$16987' with positive edge clock.
Creating register for signal `\nerv.\rvfi_csr_mhpmcounter30h_wdata' using process `\nerv.$proc$nerv.sv:1150$769'.
  created $dff cell `$procdff$16988' with positive edge clock.
Creating register for signal `\nerv.\rvfi_csr_mhpmcounter31h_rmask' using process `\nerv.$proc$nerv.sv:1150$769'.
  created $dff cell `$procdff$16989' with positive edge clock.
Creating register for signal `\nerv.\rvfi_csr_mhpmcounter31h_wmask' using process `\nerv.$proc$nerv.sv:1150$769'.
  created $dff cell `$procdff$16990' with positive edge clock.
Creating register for signal `\nerv.\rvfi_csr_mhpmcounter31h_rdata' using process `\nerv.$proc$nerv.sv:1150$769'.
  created $dff cell `$procdff$16991' with positive edge clock.
Creating register for signal `\nerv.\rvfi_csr_mhpmcounter31h_wdata' using process `\nerv.$proc$nerv.sv:1150$769'.
  created $dff cell `$procdff$16992' with positive edge clock.
Creating register for signal `\nerv.\rvfi_csr_mhpmevent3_rmask' using process `\nerv.$proc$nerv.sv:1150$769'.
  created $dff cell `$procdff$16993' with positive edge clock.
Creating register for signal `\nerv.\rvfi_csr_mhpmevent3_wmask' using process `\nerv.$proc$nerv.sv:1150$769'.
  created $dff cell `$procdff$16994' with positive edge clock.
Creating register for signal `\nerv.\rvfi_csr_mhpmevent3_rdata' using process `\nerv.$proc$nerv.sv:1150$769'.
  created $dff cell `$procdff$16995' with positive edge clock.
Creating register for signal `\nerv.\rvfi_csr_mhpmevent3_wdata' using process `\nerv.$proc$nerv.sv:1150$769'.
  created $dff cell `$procdff$16996' with positive edge clock.
Creating register for signal `\nerv.\rvfi_csr_mhpmevent4_rmask' using process `\nerv.$proc$nerv.sv:1150$769'.
  created $dff cell `$procdff$16997' with positive edge clock.
Creating register for signal `\nerv.\rvfi_csr_mhpmevent4_wmask' using process `\nerv.$proc$nerv.sv:1150$769'.
  created $dff cell `$procdff$16998' with positive edge clock.
Creating register for signal `\nerv.\rvfi_csr_mhpmevent4_rdata' using process `\nerv.$proc$nerv.sv:1150$769'.
  created $dff cell `$procdff$16999' with positive edge clock.
Creating register for signal `\nerv.\rvfi_csr_mhpmevent4_wdata' using process `\nerv.$proc$nerv.sv:1150$769'.
  created $dff cell `$procdff$17000' with positive edge clock.
Creating register for signal `\nerv.\rvfi_csr_mhpmevent5_rmask' using process `\nerv.$proc$nerv.sv:1150$769'.
  created $dff cell `$procdff$17001' with positive edge clock.
Creating register for signal `\nerv.\rvfi_csr_mhpmevent5_wmask' using process `\nerv.$proc$nerv.sv:1150$769'.
  created $dff cell `$procdff$17002' with positive edge clock.
Creating register for signal `\nerv.\rvfi_csr_mhpmevent5_rdata' using process `\nerv.$proc$nerv.sv:1150$769'.
  created $dff cell `$procdff$17003' with positive edge clock.
Creating register for signal `\nerv.\rvfi_csr_mhpmevent5_wdata' using process `\nerv.$proc$nerv.sv:1150$769'.
  created $dff cell `$procdff$17004' with positive edge clock.
Creating register for signal `\nerv.\rvfi_csr_mhpmevent6_rmask' using process `\nerv.$proc$nerv.sv:1150$769'.
  created $dff cell `$procdff$17005' with positive edge clock.
Creating register for signal `\nerv.\rvfi_csr_mhpmevent6_wmask' using process `\nerv.$proc$nerv.sv:1150$769'.
  created $dff cell `$procdff$17006' with positive edge clock.
Creating register for signal `\nerv.\rvfi_csr_mhpmevent6_rdata' using process `\nerv.$proc$nerv.sv:1150$769'.
  created $dff cell `$procdff$17007' with positive edge clock.
Creating register for signal `\nerv.\rvfi_csr_mhpmevent6_wdata' using process `\nerv.$proc$nerv.sv:1150$769'.
  created $dff cell `$procdff$17008' with positive edge clock.
Creating register for signal `\nerv.\rvfi_csr_mhpmevent7_rmask' using process `\nerv.$proc$nerv.sv:1150$769'.
  created $dff cell `$procdff$17009' with positive edge clock.
Creating register for signal `\nerv.\rvfi_csr_mhpmevent7_wmask' using process `\nerv.$proc$nerv.sv:1150$769'.
  created $dff cell `$procdff$17010' with positive edge clock.
Creating register for signal `\nerv.\rvfi_csr_mhpmevent7_rdata' using process `\nerv.$proc$nerv.sv:1150$769'.
  created $dff cell `$procdff$17011' with positive edge clock.
Creating register for signal `\nerv.\rvfi_csr_mhpmevent7_wdata' using process `\nerv.$proc$nerv.sv:1150$769'.
  created $dff cell `$procdff$17012' with positive edge clock.
Creating register for signal `\nerv.\rvfi_csr_mhpmevent8_rmask' using process `\nerv.$proc$nerv.sv:1150$769'.
  created $dff cell `$procdff$17013' with positive edge clock.
Creating register for signal `\nerv.\rvfi_csr_mhpmevent8_wmask' using process `\nerv.$proc$nerv.sv:1150$769'.
  created $dff cell `$procdff$17014' with positive edge clock.
Creating register for signal `\nerv.\rvfi_csr_mhpmevent8_rdata' using process `\nerv.$proc$nerv.sv:1150$769'.
  created $dff cell `$procdff$17015' with positive edge clock.
Creating register for signal `\nerv.\rvfi_csr_mhpmevent8_wdata' using process `\nerv.$proc$nerv.sv:1150$769'.
  created $dff cell `$procdff$17016' with positive edge clock.
Creating register for signal `\nerv.\rvfi_csr_mhpmevent9_rmask' using process `\nerv.$proc$nerv.sv:1150$769'.
  created $dff cell `$procdff$17017' with positive edge clock.
Creating register for signal `\nerv.\rvfi_csr_mhpmevent9_wmask' using process `\nerv.$proc$nerv.sv:1150$769'.
  created $dff cell `$procdff$17018' with positive edge clock.
Creating register for signal `\nerv.\rvfi_csr_mhpmevent9_rdata' using process `\nerv.$proc$nerv.sv:1150$769'.
  created $dff cell `$procdff$17019' with positive edge clock.
Creating register for signal `\nerv.\rvfi_csr_mhpmevent9_wdata' using process `\nerv.$proc$nerv.sv:1150$769'.
  created $dff cell `$procdff$17020' with positive edge clock.
Creating register for signal `\nerv.\rvfi_csr_mhpmevent10_rmask' using process `\nerv.$proc$nerv.sv:1150$769'.
  created $dff cell `$procdff$17021' with positive edge clock.
Creating register for signal `\nerv.\rvfi_csr_mhpmevent10_wmask' using process `\nerv.$proc$nerv.sv:1150$769'.
  created $dff cell `$procdff$17022' with positive edge clock.
Creating register for signal `\nerv.\rvfi_csr_mhpmevent10_rdata' using process `\nerv.$proc$nerv.sv:1150$769'.
  created $dff cell `$procdff$17023' with positive edge clock.
Creating register for signal `\nerv.\rvfi_csr_mhpmevent10_wdata' using process `\nerv.$proc$nerv.sv:1150$769'.
  created $dff cell `$procdff$17024' with positive edge clock.
Creating register for signal `\nerv.\rvfi_csr_mhpmevent11_rmask' using process `\nerv.$proc$nerv.sv:1150$769'.
  created $dff cell `$procdff$17025' with positive edge clock.
Creating register for signal `\nerv.\rvfi_csr_mhpmevent11_wmask' using process `\nerv.$proc$nerv.sv:1150$769'.
  created $dff cell `$procdff$17026' with positive edge clock.
Creating register for signal `\nerv.\rvfi_csr_mhpmevent11_rdata' using process `\nerv.$proc$nerv.sv:1150$769'.
  created $dff cell `$procdff$17027' with positive edge clock.
Creating register for signal `\nerv.\rvfi_csr_mhpmevent11_wdata' using process `\nerv.$proc$nerv.sv:1150$769'.
  created $dff cell `$procdff$17028' with positive edge clock.
Creating register for signal `\nerv.\rvfi_csr_mhpmevent12_rmask' using process `\nerv.$proc$nerv.sv:1150$769'.
  created $dff cell `$procdff$17029' with positive edge clock.
Creating register for signal `\nerv.\rvfi_csr_mhpmevent12_wmask' using process `\nerv.$proc$nerv.sv:1150$769'.
  created $dff cell `$procdff$17030' with positive edge clock.
Creating register for signal `\nerv.\rvfi_csr_mhpmevent12_rdata' using process `\nerv.$proc$nerv.sv:1150$769'.
  created $dff cell `$procdff$17031' with positive edge clock.
Creating register for signal `\nerv.\rvfi_csr_mhpmevent12_wdata' using process `\nerv.$proc$nerv.sv:1150$769'.
  created $dff cell `$procdff$17032' with positive edge clock.
Creating register for signal `\nerv.\rvfi_csr_mhpmevent13_rmask' using process `\nerv.$proc$nerv.sv:1150$769'.
  created $dff cell `$procdff$17033' with positive edge clock.
Creating register for signal `\nerv.\rvfi_csr_mhpmevent13_wmask' using process `\nerv.$proc$nerv.sv:1150$769'.
  created $dff cell `$procdff$17034' with positive edge clock.
Creating register for signal `\nerv.\rvfi_csr_mhpmevent13_rdata' using process `\nerv.$proc$nerv.sv:1150$769'.
  created $dff cell `$procdff$17035' with positive edge clock.
Creating register for signal `\nerv.\rvfi_csr_mhpmevent13_wdata' using process `\nerv.$proc$nerv.sv:1150$769'.
  created $dff cell `$procdff$17036' with positive edge clock.
Creating register for signal `\nerv.\rvfi_csr_mhpmevent14_rmask' using process `\nerv.$proc$nerv.sv:1150$769'.
  created $dff cell `$procdff$17037' with positive edge clock.
Creating register for signal `\nerv.\rvfi_csr_mhpmevent14_wmask' using process `\nerv.$proc$nerv.sv:1150$769'.
  created $dff cell `$procdff$17038' with positive edge clock.
Creating register for signal `\nerv.\rvfi_csr_mhpmevent14_rdata' using process `\nerv.$proc$nerv.sv:1150$769'.
  created $dff cell `$procdff$17039' with positive edge clock.
Creating register for signal `\nerv.\rvfi_csr_mhpmevent14_wdata' using process `\nerv.$proc$nerv.sv:1150$769'.
  created $dff cell `$procdff$17040' with positive edge clock.
Creating register for signal `\nerv.\rvfi_csr_mhpmevent15_rmask' using process `\nerv.$proc$nerv.sv:1150$769'.
  created $dff cell `$procdff$17041' with positive edge clock.
Creating register for signal `\nerv.\rvfi_csr_mhpmevent15_wmask' using process `\nerv.$proc$nerv.sv:1150$769'.
  created $dff cell `$procdff$17042' with positive edge clock.
Creating register for signal `\nerv.\rvfi_csr_mhpmevent15_rdata' using process `\nerv.$proc$nerv.sv:1150$769'.
  created $dff cell `$procdff$17043' with positive edge clock.
Creating register for signal `\nerv.\rvfi_csr_mhpmevent15_wdata' using process `\nerv.$proc$nerv.sv:1150$769'.
  created $dff cell `$procdff$17044' with positive edge clock.
Creating register for signal `\nerv.\rvfi_csr_mhpmevent16_rmask' using process `\nerv.$proc$nerv.sv:1150$769'.
  created $dff cell `$procdff$17045' with positive edge clock.
Creating register for signal `\nerv.\rvfi_csr_mhpmevent16_wmask' using process `\nerv.$proc$nerv.sv:1150$769'.
  created $dff cell `$procdff$17046' with positive edge clock.
Creating register for signal `\nerv.\rvfi_csr_mhpmevent16_rdata' using process `\nerv.$proc$nerv.sv:1150$769'.
  created $dff cell `$procdff$17047' with positive edge clock.
Creating register for signal `\nerv.\rvfi_csr_mhpmevent16_wdata' using process `\nerv.$proc$nerv.sv:1150$769'.
  created $dff cell `$procdff$17048' with positive edge clock.
Creating register for signal `\nerv.\rvfi_csr_mhpmevent17_rmask' using process `\nerv.$proc$nerv.sv:1150$769'.
  created $dff cell `$procdff$17049' with positive edge clock.
Creating register for signal `\nerv.\rvfi_csr_mhpmevent17_wmask' using process `\nerv.$proc$nerv.sv:1150$769'.
  created $dff cell `$procdff$17050' with positive edge clock.
Creating register for signal `\nerv.\rvfi_csr_mhpmevent17_rdata' using process `\nerv.$proc$nerv.sv:1150$769'.
  created $dff cell `$procdff$17051' with positive edge clock.
Creating register for signal `\nerv.\rvfi_csr_mhpmevent17_wdata' using process `\nerv.$proc$nerv.sv:1150$769'.
  created $dff cell `$procdff$17052' with positive edge clock.
Creating register for signal `\nerv.\rvfi_csr_mhpmevent18_rmask' using process `\nerv.$proc$nerv.sv:1150$769'.
  created $dff cell `$procdff$17053' with positive edge clock.
Creating register for signal `\nerv.\rvfi_csr_mhpmevent18_wmask' using process `\nerv.$proc$nerv.sv:1150$769'.
  created $dff cell `$procdff$17054' with positive edge clock.
Creating register for signal `\nerv.\rvfi_csr_mhpmevent18_rdata' using process `\nerv.$proc$nerv.sv:1150$769'.
  created $dff cell `$procdff$17055' with positive edge clock.
Creating register for signal `\nerv.\rvfi_csr_mhpmevent18_wdata' using process `\nerv.$proc$nerv.sv:1150$769'.
  created $dff cell `$procdff$17056' with positive edge clock.
Creating register for signal `\nerv.\rvfi_csr_mhpmevent19_rmask' using process `\nerv.$proc$nerv.sv:1150$769'.
  created $dff cell `$procdff$17057' with positive edge clock.
Creating register for signal `\nerv.\rvfi_csr_mhpmevent19_wmask' using process `\nerv.$proc$nerv.sv:1150$769'.
  created $dff cell `$procdff$17058' with positive edge clock.
Creating register for signal `\nerv.\rvfi_csr_mhpmevent19_rdata' using process `\nerv.$proc$nerv.sv:1150$769'.
  created $dff cell `$procdff$17059' with positive edge clock.
Creating register for signal `\nerv.\rvfi_csr_mhpmevent19_wdata' using process `\nerv.$proc$nerv.sv:1150$769'.
  created $dff cell `$procdff$17060' with positive edge clock.
Creating register for signal `\nerv.\rvfi_csr_mhpmevent20_rmask' using process `\nerv.$proc$nerv.sv:1150$769'.
  created $dff cell `$procdff$17061' with positive edge clock.
Creating register for signal `\nerv.\rvfi_csr_mhpmevent20_wmask' using process `\nerv.$proc$nerv.sv:1150$769'.
  created $dff cell `$procdff$17062' with positive edge clock.
Creating register for signal `\nerv.\rvfi_csr_mhpmevent20_rdata' using process `\nerv.$proc$nerv.sv:1150$769'.
  created $dff cell `$procdff$17063' with positive edge clock.
Creating register for signal `\nerv.\rvfi_csr_mhpmevent20_wdata' using process `\nerv.$proc$nerv.sv:1150$769'.
  created $dff cell `$procdff$17064' with positive edge clock.
Creating register for signal `\nerv.\rvfi_csr_mhpmevent21_rmask' using process `\nerv.$proc$nerv.sv:1150$769'.
  created $dff cell `$procdff$17065' with positive edge clock.
Creating register for signal `\nerv.\rvfi_csr_mhpmevent21_wmask' using process `\nerv.$proc$nerv.sv:1150$769'.
  created $dff cell `$procdff$17066' with positive edge clock.
Creating register for signal `\nerv.\rvfi_csr_mhpmevent21_rdata' using process `\nerv.$proc$nerv.sv:1150$769'.
  created $dff cell `$procdff$17067' with positive edge clock.
Creating register for signal `\nerv.\rvfi_csr_mhpmevent21_wdata' using process `\nerv.$proc$nerv.sv:1150$769'.
  created $dff cell `$procdff$17068' with positive edge clock.
Creating register for signal `\nerv.\rvfi_csr_mhpmevent22_rmask' using process `\nerv.$proc$nerv.sv:1150$769'.
  created $dff cell `$procdff$17069' with positive edge clock.
Creating register for signal `\nerv.\rvfi_csr_mhpmevent22_wmask' using process `\nerv.$proc$nerv.sv:1150$769'.
  created $dff cell `$procdff$17070' with positive edge clock.
Creating register for signal `\nerv.\rvfi_csr_mhpmevent22_rdata' using process `\nerv.$proc$nerv.sv:1150$769'.
  created $dff cell `$procdff$17071' with positive edge clock.
Creating register for signal `\nerv.\rvfi_csr_mhpmevent22_wdata' using process `\nerv.$proc$nerv.sv:1150$769'.
  created $dff cell `$procdff$17072' with positive edge clock.
Creating register for signal `\nerv.\rvfi_csr_mhpmevent23_rmask' using process `\nerv.$proc$nerv.sv:1150$769'.
  created $dff cell `$procdff$17073' with positive edge clock.
Creating register for signal `\nerv.\rvfi_csr_mhpmevent23_wmask' using process `\nerv.$proc$nerv.sv:1150$769'.
  created $dff cell `$procdff$17074' with positive edge clock.
Creating register for signal `\nerv.\rvfi_csr_mhpmevent23_rdata' using process `\nerv.$proc$nerv.sv:1150$769'.
  created $dff cell `$procdff$17075' with positive edge clock.
Creating register for signal `\nerv.\rvfi_csr_mhpmevent23_wdata' using process `\nerv.$proc$nerv.sv:1150$769'.
  created $dff cell `$procdff$17076' with positive edge clock.
Creating register for signal `\nerv.\rvfi_csr_mhpmevent24_rmask' using process `\nerv.$proc$nerv.sv:1150$769'.
  created $dff cell `$procdff$17077' with positive edge clock.
Creating register for signal `\nerv.\rvfi_csr_mhpmevent24_wmask' using process `\nerv.$proc$nerv.sv:1150$769'.
  created $dff cell `$procdff$17078' with positive edge clock.
Creating register for signal `\nerv.\rvfi_csr_mhpmevent24_rdata' using process `\nerv.$proc$nerv.sv:1150$769'.
  created $dff cell `$procdff$17079' with positive edge clock.
Creating register for signal `\nerv.\rvfi_csr_mhpmevent24_wdata' using process `\nerv.$proc$nerv.sv:1150$769'.
  created $dff cell `$procdff$17080' with positive edge clock.
Creating register for signal `\nerv.\rvfi_csr_mhpmevent25_rmask' using process `\nerv.$proc$nerv.sv:1150$769'.
  created $dff cell `$procdff$17081' with positive edge clock.
Creating register for signal `\nerv.\rvfi_csr_mhpmevent25_wmask' using process `\nerv.$proc$nerv.sv:1150$769'.
  created $dff cell `$procdff$17082' with positive edge clock.
Creating register for signal `\nerv.\rvfi_csr_mhpmevent25_rdata' using process `\nerv.$proc$nerv.sv:1150$769'.
  created $dff cell `$procdff$17083' with positive edge clock.
Creating register for signal `\nerv.\rvfi_csr_mhpmevent25_wdata' using process `\nerv.$proc$nerv.sv:1150$769'.
  created $dff cell `$procdff$17084' with positive edge clock.
Creating register for signal `\nerv.\rvfi_csr_mhpmevent26_rmask' using process `\nerv.$proc$nerv.sv:1150$769'.
  created $dff cell `$procdff$17085' with positive edge clock.
Creating register for signal `\nerv.\rvfi_csr_mhpmevent26_wmask' using process `\nerv.$proc$nerv.sv:1150$769'.
  created $dff cell `$procdff$17086' with positive edge clock.
Creating register for signal `\nerv.\rvfi_csr_mhpmevent26_rdata' using process `\nerv.$proc$nerv.sv:1150$769'.
  created $dff cell `$procdff$17087' with positive edge clock.
Creating register for signal `\nerv.\rvfi_csr_mhpmevent26_wdata' using process `\nerv.$proc$nerv.sv:1150$769'.
  created $dff cell `$procdff$17088' with positive edge clock.
Creating register for signal `\nerv.\rvfi_csr_mhpmevent27_rmask' using process `\nerv.$proc$nerv.sv:1150$769'.
  created $dff cell `$procdff$17089' with positive edge clock.
Creating register for signal `\nerv.\rvfi_csr_mhpmevent27_wmask' using process `\nerv.$proc$nerv.sv:1150$769'.
  created $dff cell `$procdff$17090' with positive edge clock.
Creating register for signal `\nerv.\rvfi_csr_mhpmevent27_rdata' using process `\nerv.$proc$nerv.sv:1150$769'.
  created $dff cell `$procdff$17091' with positive edge clock.
Creating register for signal `\nerv.\rvfi_csr_mhpmevent27_wdata' using process `\nerv.$proc$nerv.sv:1150$769'.
  created $dff cell `$procdff$17092' with positive edge clock.
Creating register for signal `\nerv.\rvfi_csr_mhpmevent28_rmask' using process `\nerv.$proc$nerv.sv:1150$769'.
  created $dff cell `$procdff$17093' with positive edge clock.
Creating register for signal `\nerv.\rvfi_csr_mhpmevent28_wmask' using process `\nerv.$proc$nerv.sv:1150$769'.
  created $dff cell `$procdff$17094' with positive edge clock.
Creating register for signal `\nerv.\rvfi_csr_mhpmevent28_rdata' using process `\nerv.$proc$nerv.sv:1150$769'.
  created $dff cell `$procdff$17095' with positive edge clock.
Creating register for signal `\nerv.\rvfi_csr_mhpmevent28_wdata' using process `\nerv.$proc$nerv.sv:1150$769'.
  created $dff cell `$procdff$17096' with positive edge clock.
Creating register for signal `\nerv.\rvfi_csr_mhpmevent29_rmask' using process `\nerv.$proc$nerv.sv:1150$769'.
  created $dff cell `$procdff$17097' with positive edge clock.
Creating register for signal `\nerv.\rvfi_csr_mhpmevent29_wmask' using process `\nerv.$proc$nerv.sv:1150$769'.
  created $dff cell `$procdff$17098' with positive edge clock.
Creating register for signal `\nerv.\rvfi_csr_mhpmevent29_rdata' using process `\nerv.$proc$nerv.sv:1150$769'.
  created $dff cell `$procdff$17099' with positive edge clock.
Creating register for signal `\nerv.\rvfi_csr_mhpmevent29_wdata' using process `\nerv.$proc$nerv.sv:1150$769'.
  created $dff cell `$procdff$17100' with positive edge clock.
Creating register for signal `\nerv.\rvfi_csr_mhpmevent30_rmask' using process `\nerv.$proc$nerv.sv:1150$769'.
  created $dff cell `$procdff$17101' with positive edge clock.
Creating register for signal `\nerv.\rvfi_csr_mhpmevent30_wmask' using process `\nerv.$proc$nerv.sv:1150$769'.
  created $dff cell `$procdff$17102' with positive edge clock.
Creating register for signal `\nerv.\rvfi_csr_mhpmevent30_rdata' using process `\nerv.$proc$nerv.sv:1150$769'.
  created $dff cell `$procdff$17103' with positive edge clock.
Creating register for signal `\nerv.\rvfi_csr_mhpmevent30_wdata' using process `\nerv.$proc$nerv.sv:1150$769'.
  created $dff cell `$procdff$17104' with positive edge clock.
Creating register for signal `\nerv.\rvfi_csr_mhpmevent31_rmask' using process `\nerv.$proc$nerv.sv:1150$769'.
  created $dff cell `$procdff$17105' with positive edge clock.
Creating register for signal `\nerv.\rvfi_csr_mhpmevent31_wmask' using process `\nerv.$proc$nerv.sv:1150$769'.
  created $dff cell `$procdff$17106' with positive edge clock.
Creating register for signal `\nerv.\rvfi_csr_mhpmevent31_rdata' using process `\nerv.$proc$nerv.sv:1150$769'.
  created $dff cell `$procdff$17107' with positive edge clock.
Creating register for signal `\nerv.\rvfi_csr_mhpmevent31_wdata' using process `\nerv.$proc$nerv.sv:1150$769'.
  created $dff cell `$procdff$17108' with positive edge clock.
Creating register for signal `\nerv.\rvfi_csr_custom_rmask' using process `\nerv.$proc$nerv.sv:1150$769'.
  created $dff cell `$procdff$17109' with positive edge clock.
Creating register for signal `\nerv.\rvfi_csr_custom_wmask' using process `\nerv.$proc$nerv.sv:1150$769'.
  created $dff cell `$procdff$17110' with positive edge clock.
Creating register for signal `\nerv.\rvfi_csr_custom_rdata' using process `\nerv.$proc$nerv.sv:1150$769'.
  created $dff cell `$procdff$17111' with positive edge clock.
Creating register for signal `\nerv.\rvfi_csr_custom_wdata' using process `\nerv.$proc$nerv.sv:1150$769'.
  created $dff cell `$procdff$17112' with positive edge clock.
Creating register for signal `\nerv.\rvfi_csr_custom_ro_rmask' using process `\nerv.$proc$nerv.sv:1150$769'.
  created $dff cell `$procdff$17113' with positive edge clock.
Creating register for signal `\nerv.\rvfi_csr_custom_ro_wmask' using process `\nerv.$proc$nerv.sv:1150$769'.
  created $dff cell `$procdff$17114' with positive edge clock.
Creating register for signal `\nerv.\rvfi_csr_custom_ro_rdata' using process `\nerv.$proc$nerv.sv:1150$769'.
  created $dff cell `$procdff$17115' with positive edge clock.
Creating register for signal `\nerv.\rvfi_csr_custom_ro_wdata' using process `\nerv.$proc$nerv.sv:1150$769'.
  created $dff cell `$procdff$17116' with positive edge clock.
Creating register for signal `\nerv.\rvfi_mem_addr' using process `\nerv.$proc$nerv.sv:1150$769'.
  created $dff cell `$procdff$17117' with positive edge clock.
Creating register for signal `\nerv.\rvfi_mem_rdata' using process `\nerv.$proc$nerv.sv:1150$769'.
  created $dff cell `$procdff$17118' with positive edge clock.
Creating register for signal `\nerv.\rvfi_mem_wdata' using process `\nerv.$proc$nerv.sv:1150$769'.
  created $dff cell `$procdff$17119' with positive edge clock.
Creating register for signal `\nerv.\pc' using process `\nerv.$proc$nerv.sv:1150$769'.
  created $dff cell `$procdff$17120' with positive edge clock.
Creating register for signal `\nerv.\reset_q' using process `\nerv.$proc$nerv.sv:1150$769'.
  created $dff cell `$procdff$17121' with positive edge clock.
Creating register for signal `\nerv.\next_rvfi_intr' using process `\nerv.$proc$nerv.sv:1150$769'.
  created $dff cell `$procdff$17122' with positive edge clock.
Creating register for signal `\nerv.$memwr$\regfile$nerv.sv:1157$92_ADDR' using process `\nerv.$proc$nerv.sv:1150$769'.
  created $dff cell `$procdff$17123' with positive edge clock.
Creating register for signal `\nerv.$memwr$\regfile$nerv.sv:1157$92_DATA' using process `\nerv.$proc$nerv.sv:1150$769'.
  created $dff cell `$procdff$17124' with positive edge clock.
Creating register for signal `\nerv.$memwr$\regfile$nerv.sv:1157$92_EN' using process `\nerv.$proc$nerv.sv:1150$769'.
  created $dff cell `$procdff$17125' with positive edge clock.
Creating register for signal `\nerv.\csr_custom_value' using process `\nerv.$proc$nerv.sv:654$370'.
  created $dff cell `$procdff$17126' with positive edge clock.
Creating register for signal `\nerv.\csr_hpm_event_value' using process `\nerv.$proc$nerv.sv:654$308'.
  created $dff cell `$procdff$17127' with positive edge clock.
Creating register for signal `\nerv.\csr_hpm_counterh_value' using process `\nerv.$proc$nerv.sv:654$244'.
  created $dff cell `$procdff$17128' with positive edge clock.
Creating register for signal `\nerv.\csr_hpm_counter_value' using process `\nerv.$proc$nerv.sv:654$180'.
  created $dff cell `$procdff$17129' with positive edge clock.
Creating register for signal `\nerv.\csr_mip_value' using process `\nerv.$proc$nerv.sv:654$178'.
  created $dff cell `$procdff$17130' with positive edge clock.
Creating register for signal `\nerv.\csr_mtval_value' using process `\nerv.$proc$nerv.sv:654$174'.
  created $dff cell `$procdff$17131' with positive edge clock.
Creating register for signal `\nerv.\csr_mcause_value' using process `\nerv.$proc$nerv.sv:654$170'.
  created $dff cell `$procdff$17132' with positive edge clock.
Creating register for signal `\nerv.\csr_mepc_value' using process `\nerv.$proc$nerv.sv:654$166'.
  created $dff cell `$procdff$17133' with positive edge clock.
Creating register for signal `\nerv.\csr_mscratch_value' using process `\nerv.$proc$nerv.sv:654$162'.
  created $dff cell `$procdff$17134' with positive edge clock.
Creating register for signal `\nerv.\csr_mstatush_value' using process `\nerv.$proc$nerv.sv:654$158'.
  created $dff cell `$procdff$17135' with positive edge clock.
Creating register for signal `\nerv.\csr_mtvec_value' using process `\nerv.$proc$nerv.sv:654$154'.
  created $dff cell `$procdff$17136' with positive edge clock.
Creating register for signal `\nerv.\csr_mie_value' using process `\nerv.$proc$nerv.sv:654$150'.
  created $dff cell `$procdff$17137' with positive edge clock.
Creating register for signal `\nerv.\csr_misa_value' using process `\nerv.$proc$nerv.sv:654$146'.
  created $dff cell `$procdff$17138' with positive edge clock.
Creating register for signal `\nerv.\csr_mstatus_value' using process `\nerv.$proc$nerv.sv:654$142'.
  created $dff cell `$procdff$17139' with positive edge clock.
Creating register for signal `\nerv.\imem_addr_q' using process `\nerv.$proc$nerv.sv:472$101'.
  created $dff cell `$procdff$17140' with positive edge clock.
Creating register for signal `\nerv.\mem_rd_enable_q' using process `\nerv.$proc$nerv.sv:445$93'.
  created $dff cell `$procdff$17141' with positive edge clock.
Creating register for signal `\nerv.\mem_rd_reg_q' using process `\nerv.$proc$nerv.sv:445$93'.
  created $dff cell `$procdff$17142' with positive edge clock.
Creating register for signal `\nerv.\mem_rd_func_q' using process `\nerv.$proc$nerv.sv:445$93'.
  created $dff cell `$procdff$17143' with positive edge clock.
Creating register for signal `\nerv.\mem_wr_enable_q' using process `\nerv.$proc$nerv.sv:445$93'.
  created $dff cell `$procdff$17144' with positive edge clock.
Creating register for signal `\nerv_extended_wrapper.\csr_mcause' using process `\nerv_extended_wrapper.$proc$nerv_wrapper.sv:395$63'.
  created $dff cell `$procdff$17145' with positive edge clock.
Creating register for signal `\nerv_extended_wrapper.\result_csr_mstatus' using process `\nerv_extended_wrapper.$proc$nerv_wrapper.sv:270$52'.
  created $dff cell `$procdff$17146' with positive edge clock.
Creating register for signal `\nerv_extended_wrapper.\result_csr_mstatush' using process `\nerv_extended_wrapper.$proc$nerv_wrapper.sv:270$52'.
  created $dff cell `$procdff$17147' with positive edge clock.
Creating register for signal `\nerv_extended_wrapper.\result_csr_mip' using process `\nerv_extended_wrapper.$proc$nerv_wrapper.sv:270$52'.
  created $dff cell `$procdff$17148' with positive edge clock.
Creating register for signal `\nerv_extended_wrapper.\result_csr_mie' using process `\nerv_extended_wrapper.$proc$nerv_wrapper.sv:270$52'.
  created $dff cell `$procdff$17149' with positive edge clock.
Creating register for signal `\nerv_extended_wrapper.\event_valid_reg' using process `\nerv_extended_wrapper.$proc$nerv_wrapper.sv:270$52'.
  created $dff cell `$procdff$17150' with positive edge clock.
Creating register for signal `\nerv_extended_wrapper.\mem_read_valid_reg' using process `\nerv_extended_wrapper.$proc$nerv_wrapper.sv:231$42'.
  created $dff cell `$procdff$17151' with positive edge clock.
Creating register for signal `\nerv_extended_wrapper.\mem_write_valid_reg' using process `\nerv_extended_wrapper.$proc$nerv_wrapper.sv:231$42'.
  created $dff cell `$procdff$17152' with positive edge clock.
Creating register for signal `\nerv_extended_wrapper.\mem_addr_reg' using process `\nerv_extended_wrapper.$proc$nerv_wrapper.sv:231$42'.
  created $dff cell `$procdff$17153' with positive edge clock.
Creating register for signal `\nerv_extended_wrapper.\mem_data_reg' using process `\nerv_extended_wrapper.$proc$nerv_wrapper.sv:231$42'.
  created $dff cell `$procdff$17154' with positive edge clock.
Creating register for signal `\nerv_extended_wrapper.\captured_rmask' using process `\nerv_extended_wrapper.$proc$nerv_wrapper.sv:231$42'.
  created $dff cell `$procdff$17155' with positive edge clock.
Creating register for signal `\nerv_extended_wrapper.\captured_wstrb' using process `\nerv_extended_wrapper.$proc$nerv_wrapper.sv:231$42'.
  created $dff cell `$procdff$17156' with positive edge clock.
Creating register for signal `\nerv_extended_wrapper.\imem_addr_q' using process `\nerv_extended_wrapper.$proc$nerv_wrapper.sv:158$30'.
  created $dff cell `$procdff$17157' with positive edge clock.
Creating register for signal `\nerv_extended_wrapper.\reset' using process `\nerv_extended_wrapper.$proc$nerv_wrapper.sv:86$14'.
  created $dff cell `$procdff$17158' with positive edge clock.

5.2.10. Executing PROC_MEMWR pass (convert process memory writes to cells).

5.2.11. Executing PROC_CLEAN pass (remove empty switches from decision trees).
Found and cleaned up 59 empty switches in `\CheckerWithResult.$proc$CheckerWrapper.sv:8831$6560'.
Removing empty process `CheckerWithResult.$proc$CheckerWrapper.sv:8831$6560'.
Found and cleaned up 70 empty switches in `\RiscvCore.$proc$CheckerWrapper.sv:6833$6263'.
Removing empty process `RiscvCore.$proc$CheckerWrapper.sv:6833$6263'.
Found and cleaned up 8 empty switches in `\nerv.$proc$nerv.sv:1150$769'.
Removing empty process `nerv.$proc$nerv.sv:1150$769'.
Found and cleaned up 1 empty switch in `\nerv.$proc$nerv.sv:1139$766'.
Removing empty process `nerv.$proc$nerv.sv:1139$766'.
Found and cleaned up 93 empty switches in `\nerv.$proc$nerv.sv:690$376'.
Removing empty process `nerv.$proc$nerv.sv:690$376'.
Found and cleaned up 19 empty switches in `\nerv.$proc$nerv.sv:667$375'.
Removing empty process `nerv.$proc$nerv.sv:667$375'.
Found and cleaned up 1 empty switch in `\nerv.$proc$nerv.sv:654$370'.
Removing empty process `nerv.$proc$nerv.sv:654$370'.
Found and cleaned up 1 empty switch in `\nerv.$proc$nerv.sv:654$308'.
Removing empty process `nerv.$proc$nerv.sv:654$308'.
Found and cleaned up 1 empty switch in `\nerv.$proc$nerv.sv:654$244'.
Removing empty process `nerv.$proc$nerv.sv:654$244'.
Found and cleaned up 1 empty switch in `\nerv.$proc$nerv.sv:654$180'.
Removing empty process `nerv.$proc$nerv.sv:654$180'.
Found and cleaned up 1 empty switch in `\nerv.$proc$nerv.sv:654$178'.
Removing empty process `nerv.$proc$nerv.sv:654$178'.
Found and cleaned up 1 empty switch in `\nerv.$proc$nerv.sv:654$174'.
Removing empty process `nerv.$proc$nerv.sv:654$174'.
Found and cleaned up 1 empty switch in `\nerv.$proc$nerv.sv:654$170'.
Removing empty process `nerv.$proc$nerv.sv:654$170'.
Found and cleaned up 1 empty switch in `\nerv.$proc$nerv.sv:654$166'.
Removing empty process `nerv.$proc$nerv.sv:654$166'.
Found and cleaned up 1 empty switch in `\nerv.$proc$nerv.sv:654$162'.
Removing empty process `nerv.$proc$nerv.sv:654$162'.
Found and cleaned up 1 empty switch in `\nerv.$proc$nerv.sv:654$158'.
Removing empty process `nerv.$proc$nerv.sv:654$158'.
Found and cleaned up 1 empty switch in `\nerv.$proc$nerv.sv:654$154'.
Removing empty process `nerv.$proc$nerv.sv:654$154'.
Found and cleaned up 1 empty switch in `\nerv.$proc$nerv.sv:654$150'.
Removing empty process `nerv.$proc$nerv.sv:654$150'.
Found and cleaned up 1 empty switch in `\nerv.$proc$nerv.sv:654$146'.
Removing empty process `nerv.$proc$nerv.sv:654$146'.
Found and cleaned up 1 empty switch in `\nerv.$proc$nerv.sv:654$142'.
Removing empty process `nerv.$proc$nerv.sv:654$142'.
Removing empty process `nerv.$proc$nerv.sv:472$101'.
Found and cleaned up 2 empty switches in `\nerv.$proc$nerv.sv:445$93'.
Removing empty process `nerv.$proc$nerv.sv:445$93'.
Removing empty process `nerv_extended_wrapper.$proc$nerv_wrapper.sv:85$87'.
Found and cleaned up 1 empty switch in `\nerv_extended_wrapper.$proc$nerv_wrapper.sv:0$82'.
Removing empty process `nerv_extended_wrapper.$proc$nerv_wrapper.sv:0$82'.
Found and cleaned up 1 empty switch in `\nerv_extended_wrapper.$proc$nerv_wrapper.sv:0$77'.
Removing empty process `nerv_extended_wrapper.$proc$nerv_wrapper.sv:0$77'.
Found and cleaned up 1 empty switch in `\nerv_extended_wrapper.$proc$nerv_wrapper.sv:0$72'.
Removing empty process `nerv_extended_wrapper.$proc$nerv_wrapper.sv:0$72'.
Found and cleaned up 1 empty switch in `\nerv_extended_wrapper.$proc$nerv_wrapper.sv:0$67'.
Removing empty process `nerv_extended_wrapper.$proc$nerv_wrapper.sv:0$67'.
Found and cleaned up 4 empty switches in `\nerv_extended_wrapper.$proc$nerv_wrapper.sv:395$63'.
Removing empty process `nerv_extended_wrapper.$proc$nerv_wrapper.sv:395$63'.
Found and cleaned up 2 empty switches in `\nerv_extended_wrapper.$proc$nerv_wrapper.sv:315$57'.
Removing empty process `nerv_extended_wrapper.$proc$nerv_wrapper.sv:315$57'.
Found and cleaned up 2 empty switches in `\nerv_extended_wrapper.$proc$nerv_wrapper.sv:270$52'.
Removing empty process `nerv_extended_wrapper.$proc$nerv_wrapper.sv:270$52'.
Found and cleaned up 2 empty switches in `\nerv_extended_wrapper.$proc$nerv_wrapper.sv:231$42'.
Removing empty process `nerv_extended_wrapper.$proc$nerv_wrapper.sv:231$42'.
Found and cleaned up 3 empty switches in `\nerv_extended_wrapper.$proc$nerv_wrapper.sv:162$31'.
Removing empty process `nerv_extended_wrapper.$proc$nerv_wrapper.sv:162$31'.
Removing empty process `nerv_extended_wrapper.$proc$nerv_wrapper.sv:158$30'.
Removing empty process `nerv_extended_wrapper.$proc$nerv_wrapper.sv:99$15'.
Removing empty process `nerv_extended_wrapper.$proc$nerv_wrapper.sv:86$14'.
Cleaned up 283 empty switches.

5.2.12. Executing OPT_EXPR pass (perform const folding).
Optimizing module CheckerWrapper.
Optimizing module CheckerWithResult.
<suppressed ~12 debug messages>
Optimizing module RiscvCore.
Optimizing module RiscvTrans.
<suppressed ~229 debug messages>
Optimizing module nerv.
<suppressed ~316 debug messages>
Optimizing module nerv_extended_wrapper.
<suppressed ~2269 debug messages>

5.3. Executing FUTURE pass.

5.4. Executing OPT_EXPR pass (perform const folding).
Optimizing module CheckerWrapper.
Optimizing module CheckerWithResult.
Optimizing module RiscvCore.
Optimizing module RiscvTrans.
Optimizing module nerv.
Optimizing module nerv_extended_wrapper.

5.5. Executing OPT_CLEAN pass (remove unused cells and wires).
Finding unused cells or wires in module \CheckerWrapper..
Finding unused cells or wires in module \CheckerWithResult..
Finding unused cells or wires in module \RiscvCore..
Finding unused cells or wires in module \RiscvTrans..
Finding unused cells or wires in module \nerv..
Finding unused cells or wires in module \nerv_extended_wrapper..
Removed 1402 unused cells and 10661 unused wires.
<suppressed ~2504 debug messages>

5.6. Executing CHECK pass (checking for obvious problems).
Checking module CheckerWithResult...
Checking module CheckerWrapper...
Checking module RiscvCore...
Checking module RiscvTrans...
Checking module nerv...
Checking module nerv_extended_wrapper...
Warning: Wire nerv_extended_wrapper.\result_csr_stvec [0] is used but has no driver.
Warning: Wire nerv_extended_wrapper.\result_csr_stval [0] is used but has no driver.
Warning: Wire nerv_extended_wrapper.\result_csr_sscratch [0] is used but has no driver.
Warning: Wire nerv_extended_wrapper.\result_csr_sepc [0] is used but has no driver.
Warning: Wire nerv_extended_wrapper.\result_csr_scounteren [0] is used but has no driver.
Warning: Wire nerv_extended_wrapper.\result_csr_scause [0] is used but has no driver.
Warning: Wire nerv_extended_wrapper.\result_csr_satp [0] is used but has no driver.
Warning: Wire nerv_extended_wrapper.\result_csr_pmpcfg3 [0] is used but has no driver.
Warning: Wire nerv_extended_wrapper.\result_csr_pmpcfg2 [0] is used but has no driver.
Warning: Wire nerv_extended_wrapper.\result_csr_pmpcfg1 [0] is used but has no driver.
Warning: Wire nerv_extended_wrapper.\result_csr_pmpcfg0 [0] is used but has no driver.
Warning: Wire nerv_extended_wrapper.\result_csr_pmpaddr3 [0] is used but has no driver.
Warning: Wire nerv_extended_wrapper.\result_csr_pmpaddr2 [0] is used but has no driver.
Warning: Wire nerv_extended_wrapper.\result_csr_pmpaddr1 [0] is used but has no driver.
Warning: Wire nerv_extended_wrapper.\result_csr_pmpaddr0 [0] is used but has no driver.
Warning: Wire nerv_extended_wrapper.\result_csr_mideleg [0] is used but has no driver.
Warning: Wire nerv_extended_wrapper.\result_csr_medeleg [0] is used but has no driver.
Warning: Wire nerv_extended_wrapper.\result_csr_cycle [0] is used but has no driver.
Warning: Wire nerv_extended_wrapper.\instCommit_pc [31] is used but has no driver.
Warning: Wire nerv_extended_wrapper.\instCommit_pc [30] is used but has no driver.
Warning: Wire nerv_extended_wrapper.\instCommit_pc [29] is used but has no driver.
Warning: Wire nerv_extended_wrapper.\instCommit_pc [28] is used but has no driver.
Warning: Wire nerv_extended_wrapper.\instCommit_pc [27] is used but has no driver.
Warning: Wire nerv_extended_wrapper.\instCommit_pc [26] is used but has no driver.
Warning: Wire nerv_extended_wrapper.\instCommit_pc [25] is used but has no driver.
Warning: Wire nerv_extended_wrapper.\instCommit_pc [24] is used but has no driver.
Warning: Wire nerv_extended_wrapper.\instCommit_pc [23] is used but has no driver.
Warning: Wire nerv_extended_wrapper.\instCommit_pc [22] is used but has no driver.
Warning: Wire nerv_extended_wrapper.\instCommit_pc [21] is used but has no driver.
Warning: Wire nerv_extended_wrapper.\instCommit_pc [20] is used but has no driver.
Warning: Wire nerv_extended_wrapper.\instCommit_pc [19] is used but has no driver.
Warning: Wire nerv_extended_wrapper.\instCommit_pc [18] is used but has no driver.
Warning: Wire nerv_extended_wrapper.\instCommit_pc [17] is used but has no driver.
Warning: Wire nerv_extended_wrapper.\instCommit_pc [16] is used but has no driver.
Warning: Wire nerv_extended_wrapper.\instCommit_pc [15] is used but has no driver.
Warning: Wire nerv_extended_wrapper.\instCommit_pc [14] is used but has no driver.
Warning: Wire nerv_extended_wrapper.\instCommit_pc [13] is used but has no driver.
Warning: Wire nerv_extended_wrapper.\instCommit_pc [12] is used but has no driver.
Warning: Wire nerv_extended_wrapper.\instCommit_pc [11] is used but has no driver.
Warning: Wire nerv_extended_wrapper.\instCommit_pc [10] is used but has no driver.
Warning: Wire nerv_extended_wrapper.\instCommit_pc [9] is used but has no driver.
Warning: Wire nerv_extended_wrapper.\instCommit_pc [8] is used but has no driver.
Warning: Wire nerv_extended_wrapper.\instCommit_pc [7] is used but has no driver.
Warning: Wire nerv_extended_wrapper.\instCommit_pc [6] is used but has no driver.
Warning: Wire nerv_extended_wrapper.\instCommit_pc [5] is used but has no driver.
Warning: Wire nerv_extended_wrapper.\instCommit_pc [4] is used but has no driver.
Warning: Wire nerv_extended_wrapper.\instCommit_pc [3] is used but has no driver.
Warning: Wire nerv_extended_wrapper.\instCommit_pc [2] is used but has no driver.
Warning: Wire nerv_extended_wrapper.\instCommit_pc [1] is used but has no driver.
Warning: Wire nerv_extended_wrapper.\instCommit_pc [0] is used but has no driver.
Warning: Wire nerv_extended_wrapper.\event_exceptionPC [0] is used but has no driver.
Warning: Wire nerv_extended_wrapper.\event_exceptionInst [31] is used but has no driver.
Warning: Wire nerv_extended_wrapper.\event_exceptionInst [30] is used but has no driver.
Warning: Wire nerv_extended_wrapper.\event_exceptionInst [29] is used but has no driver.
Warning: Wire nerv_extended_wrapper.\event_exceptionInst [28] is used but has no driver.
Warning: Wire nerv_extended_wrapper.\event_exceptionInst [27] is used but has no driver.
Warning: Wire nerv_extended_wrapper.\event_exceptionInst [26] is used but has no driver.
Warning: Wire nerv_extended_wrapper.\event_exceptionInst [25] is used but has no driver.
Warning: Wire nerv_extended_wrapper.\event_exceptionInst [24] is used but has no driver.
Warning: Wire nerv_extended_wrapper.\event_exceptionInst [23] is used but has no driver.
Warning: Wire nerv_extended_wrapper.\event_exceptionInst [22] is used but has no driver.
Warning: Wire nerv_extended_wrapper.\event_exceptionInst [21] is used but has no driver.
Warning: Wire nerv_extended_wrapper.\event_exceptionInst [20] is used but has no driver.
Warning: Wire nerv_extended_wrapper.\event_exceptionInst [19] is used but has no driver.
Warning: Wire nerv_extended_wrapper.\event_exceptionInst [18] is used but has no driver.
Warning: Wire nerv_extended_wrapper.\event_exceptionInst [17] is used but has no driver.
Warning: Wire nerv_extended_wrapper.\event_exceptionInst [16] is used but has no driver.
Warning: Wire nerv_extended_wrapper.\event_exceptionInst [15] is used but has no driver.
Warning: Wire nerv_extended_wrapper.\event_exceptionInst [14] is used but has no driver.
Warning: Wire nerv_extended_wrapper.\event_exceptionInst [13] is used but has no driver.
Warning: Wire nerv_extended_wrapper.\event_exceptionInst [12] is used but has no driver.
Warning: Wire nerv_extended_wrapper.\event_exceptionInst [11] is used but has no driver.
Warning: Wire nerv_extended_wrapper.\event_exceptionInst [10] is used but has no driver.
Warning: Wire nerv_extended_wrapper.\event_exceptionInst [9] is used but has no driver.
Warning: Wire nerv_extended_wrapper.\event_exceptionInst [8] is used but has no driver.
Warning: Wire nerv_extended_wrapper.\event_exceptionInst [7] is used but has no driver.
Warning: Wire nerv_extended_wrapper.\event_exceptionInst [6] is used but has no driver.
Warning: Wire nerv_extended_wrapper.\event_exceptionInst [5] is used but has no driver.
Warning: Wire nerv_extended_wrapper.\event_exceptionInst [4] is used but has no driver.
Warning: Wire nerv_extended_wrapper.\event_exceptionInst [3] is used but has no driver.
Warning: Wire nerv_extended_wrapper.\event_exceptionInst [2] is used but has no driver.
Warning: Wire nerv_extended_wrapper.\event_exceptionInst [1] is used but has no driver.
Warning: Wire nerv_extended_wrapper.\event_exceptionInst [0] is used but has no driver.
Warning: Wire nerv_extended_wrapper.\uut.regfile is used but has no driver.
Warning: Wire nerv_extended_wrapper.\uut.rvfi_mem_rmask is used but has no driver.
Warning: Wire nerv_extended_wrapper.\uut.mem_wr_enable_q is used but has no driver.
Warning: Wire nerv_extended_wrapper.\uut.mem_rd_enable_q is used but has no driver.
Warning: Wire nerv_extended_wrapper.\imem_data [15] is used but has no driver.
Warning: Wire nerv_extended_wrapper.\imem_data [11] is used but has no driver.
Warning: Wire nerv_extended_wrapper.\imem_data [10] is used but has no driver.
Warning: Wire nerv_extended_wrapper.\imem_data [9] is used but has no driver.
Warning: Wire nerv_extended_wrapper.\imem_data [8] is used but has no driver.
Warning: Wire nerv_extended_wrapper.\imem_data [7] is used but has no driver.
Warning: Wire nerv_extended_wrapper.\imem_data [24] is used but has no driver.
Warning: Wire nerv_extended_wrapper.\imem_data [23] is used but has no driver.
Warning: Wire nerv_extended_wrapper.\imem_data [22] is used but has no driver.
Warning: Wire nerv_extended_wrapper.\imem_data [21] is used but has no driver.
Warning: Wire nerv_extended_wrapper.\imem_data [20] is used but has no driver.
Warning: Wire nerv_extended_wrapper.\imem_data [19] is used but has no driver.
Warning: Wire nerv_extended_wrapper.\imem_data [18] is used but has no driver.
Warning: Wire nerv_extended_wrapper.\imem_data [17] is used but has no driver.
Warning: Wire nerv_extended_wrapper.\imem_data [16] is used but has no driver.
Warning: Wire nerv_extended_wrapper.\imem_data [31] is used but has no driver.
Warning: Wire nerv_extended_wrapper.\imem_data [30] is used but has no driver.
Warning: Wire nerv_extended_wrapper.\imem_data [29] is used but has no driver.
Warning: Wire nerv_extended_wrapper.\imem_data [28] is used but has no driver.
Warning: Wire nerv_extended_wrapper.\imem_data [27] is used but has no driver.
Warning: Wire nerv_extended_wrapper.\imem_data [26] is used but has no driver.
Warning: Wire nerv_extended_wrapper.\imem_data [25] is used but has no driver.
Warning: Wire nerv_extended_wrapper.\imem_data [14] is used but has no driver.
Warning: Wire nerv_extended_wrapper.\imem_data [13] is used but has no driver.
Warning: Wire nerv_extended_wrapper.\imem_data [12] is used but has no driver.
Warning: Wire nerv_extended_wrapper.\imem_data [6] is used but has no driver.
Warning: Wire nerv_extended_wrapper.\imem_data [5] is used but has no driver.
Warning: Wire nerv_extended_wrapper.\imem_data [4] is used but has no driver.
Warning: Wire nerv_extended_wrapper.\imem_data [3] is used but has no driver.
Warning: Wire nerv_extended_wrapper.\imem_data [2] is used but has no driver.
Warning: Wire nerv_extended_wrapper.\imem_data [1] is used but has no driver.
Warning: Wire nerv_extended_wrapper.\imem_data [0] is used but has no driver.
Warning: Wire nerv_extended_wrapper.\clk is used but has no driver.
Found and reported 120 problems.

5.7. Executing OPT pass (performing simple optimizations).

5.7.1. Executing OPT_EXPR pass (perform const folding).
Optimizing module CheckerWithResult.
Optimizing module CheckerWrapper.
Optimizing module RiscvCore.
Optimizing module RiscvTrans.
Optimizing module nerv.
Optimizing module nerv_extended_wrapper.

5.7.2. Executing OPT_MERGE pass (detect identical cells).
Finding identical cells in module `\CheckerWithResult'.
<suppressed ~159 debug messages>
Finding identical cells in module `\CheckerWrapper'.
Finding identical cells in module `\RiscvCore'.
Finding identical cells in module `\RiscvTrans'.
<suppressed ~3420 debug messages>
Finding identical cells in module `\nerv'.
<suppressed ~1008 debug messages>
Finding identical cells in module `\nerv_extended_wrapper'.
<suppressed ~2970 debug messages>
Removed a total of 2519 cells.

5.7.3. Executing OPT_MUXTREE pass (detect dead branches in mux trees).
Running muxtree optimizer on module \CheckerWithResult..
  Creating internal representation of mux trees.
  Evaluating internal representation of mux trees.
  Analyzing evaluation results.
Running muxtree optimizer on module \CheckerWrapper..
  Creating internal representation of mux trees.
  No muxes found in this module.
Running muxtree optimizer on module \RiscvCore..
  Creating internal representation of mux trees.
  Evaluating internal representation of mux trees.
  Analyzing evaluation results.
Running muxtree optimizer on module \RiscvTrans..
  Creating internal representation of mux trees.
  Evaluating internal representation of mux trees.
  Analyzing evaluation results.
    dead port 1/2 on $mux $ternary$CheckerWrapper.sv:4888$5977.
    dead port 1/2 on $mux $ternary$CheckerWrapper.sv:4905$5979.
    dead port 2/2 on $mux $ternary$CheckerWrapper.sv:5308$6085.
    dead port 2/2 on $mux $ternary$CheckerWrapper.sv:5311$6088.
    dead port 2/2 on $mux $ternary$CheckerWrapper.sv:5402$6143.
    dead port 2/2 on $mux $ternary$CheckerWrapper.sv:5406$6146.
    dead port 2/2 on $mux $ternary$CheckerWrapper.sv:612$1068.
    dead port 2/2 on $mux $ternary$CheckerWrapper.sv:615$1071.
    dead port 2/2 on $mux $ternary$CheckerWrapper.sv:711$1097.
    dead port 2/2 on $mux $ternary$CheckerWrapper.sv:717$1103.
    dead port 2/2 on $mux $ternary$CheckerWrapper.sv:726$1104.
    dead port 2/2 on $mux $ternary$CheckerWrapper.sv:732$1110.
    dead port 2/2 on $mux $ternary$CheckerWrapper.sv:790$1120.
    dead port 2/2 on $mux $ternary$CheckerWrapper.sv:791$1121.
    dead port 2/2 on $mux $ternary$CheckerWrapper.sv:796$1122.
    dead port 2/2 on $mux $ternary$CheckerWrapper.sv:797$1123.
    dead port 2/2 on $mux $ternary$CheckerWrapper.sv:811$1129.
    dead port 2/2 on $mux $ternary$CheckerWrapper.sv:813$1131.
Running muxtree optimizer on module \nerv..
  Creating internal representation of mux trees.
  Evaluating internal representation of mux trees.
  Analyzing evaluation results.
    dead port 1/2 on $mux $procmux$10000.
    dead port 1/2 on $mux $procmux$10003.
    dead port 1/2 on $mux $procmux$10006.
    dead port 1/2 on $mux $procmux$10009.
    dead port 1/2 on $mux $procmux$10012.
    dead port 1/2 on $mux $procmux$10015.
    dead port 1/2 on $mux $procmux$10018.
    dead port 1/2 on $mux $procmux$10021.
    dead port 1/2 on $mux $procmux$10024.
    dead port 1/2 on $mux $procmux$10027.
    dead port 1/2 on $mux $procmux$10030.
    dead port 1/2 on $mux $procmux$10033.
    dead port 1/2 on $mux $procmux$10036.
    dead port 1/2 on $mux $procmux$10039.
    dead port 1/2 on $mux $procmux$10042.
    dead port 1/2 on $mux $procmux$10045.
    dead port 1/2 on $mux $procmux$10051.
    dead port 1/2 on $mux $procmux$10054.
    dead port 1/2 on $mux $procmux$10057.
    dead port 1/2 on $mux $procmux$10060.
    dead port 1/2 on $mux $procmux$10063.
    dead port 1/2 on $mux $procmux$10066.
    dead port 1/2 on $mux $procmux$10069.
    dead port 1/2 on $mux $procmux$10072.
    dead port 1/2 on $mux $procmux$10075.
    dead port 1/2 on $mux $procmux$10078.
    dead port 1/2 on $mux $procmux$10081.
    dead port 1/2 on $mux $procmux$10084.
    dead port 1/2 on $mux $procmux$10087.
    dead port 1/2 on $mux $procmux$10090.
    dead port 1/2 on $mux $procmux$10093.
    dead port 1/2 on $mux $procmux$10096.
    dead port 1/2 on $mux $procmux$10099.
    dead port 1/2 on $mux $procmux$10105.
    dead port 1/2 on $mux $procmux$10108.
    dead port 1/2 on $mux $procmux$10111.
    dead port 1/2 on $mux $procmux$10114.
    dead port 1/2 on $mux $procmux$10117.
    dead port 1/2 on $mux $procmux$10120.
    dead port 1/2 on $mux $procmux$10123.
    dead port 1/2 on $mux $procmux$10126.
    dead port 1/2 on $mux $procmux$10129.
    dead port 1/2 on $mux $procmux$10132.
    dead port 1/2 on $mux $procmux$10135.
    dead port 1/2 on $mux $procmux$10138.
    dead port 1/2 on $mux $procmux$10141.
    dead port 1/2 on $mux $procmux$10144.
    dead port 1/2 on $mux $procmux$10147.
    dead port 1/2 on $mux $procmux$10150.
    dead port 1/2 on $mux $procmux$10156.
    dead port 1/2 on $mux $procmux$10159.
    dead port 1/2 on $mux $procmux$10162.
    dead port 1/2 on $mux $procmux$10165.
    dead port 1/2 on $mux $procmux$10168.
    dead port 1/2 on $mux $procmux$10171.
    dead port 1/2 on $mux $procmux$10174.
    dead port 1/2 on $mux $procmux$10177.
    dead port 1/2 on $mux $procmux$10180.
    dead port 1/2 on $mux $procmux$10183.
    dead port 1/2 on $mux $procmux$10186.
    dead port 1/2 on $mux $procmux$10189.
    dead port 1/2 on $mux $procmux$10192.
    dead port 1/2 on $mux $procmux$10195.
    dead port 1/2 on $mux $procmux$10198.
    dead port 1/2 on $mux $procmux$10204.
    dead port 1/2 on $mux $procmux$10207.
    dead port 1/2 on $mux $procmux$10210.
    dead port 1/2 on $mux $procmux$10213.
    dead port 1/2 on $mux $procmux$10216.
    dead port 1/2 on $mux $procmux$10219.
    dead port 1/2 on $mux $procmux$10222.
    dead port 1/2 on $mux $procmux$10225.
    dead port 1/2 on $mux $procmux$10228.
    dead port 1/2 on $mux $procmux$10231.
    dead port 1/2 on $mux $procmux$10234.
    dead port 1/2 on $mux $procmux$10237.
    dead port 1/2 on $mux $procmux$10240.
    dead port 1/2 on $mux $procmux$10243.
    dead port 1/2 on $mux $procmux$10249.
    dead port 1/2 on $mux $procmux$10252.
    dead port 1/2 on $mux $procmux$10255.
    dead port 1/2 on $mux $procmux$10258.
    dead port 1/2 on $mux $procmux$10261.
    dead port 1/2 on $mux $procmux$10264.
    dead port 1/2 on $mux $procmux$10267.
    dead port 1/2 on $mux $procmux$10270.
    dead port 1/2 on $mux $procmux$10273.
    dead port 1/2 on $mux $procmux$10276.
    dead port 1/2 on $mux $procmux$10279.
    dead port 1/2 on $mux $procmux$10282.
    dead port 1/2 on $mux $procmux$10285.
    dead port 1/2 on $mux $procmux$10291.
    dead port 1/2 on $mux $procmux$10294.
    dead port 1/2 on $mux $procmux$10297.
    dead port 1/2 on $mux $procmux$10300.
    dead port 1/2 on $mux $procmux$10303.
    dead port 1/2 on $mux $procmux$10306.
    dead port 1/2 on $mux $procmux$10309.
    dead port 1/2 on $mux $procmux$10312.
    dead port 1/2 on $mux $procmux$10315.
    dead port 1/2 on $mux $procmux$10318.
    dead port 1/2 on $mux $procmux$10321.
    dead port 1/2 on $mux $procmux$10324.
    dead port 1/2 on $mux $procmux$10330.
    dead port 1/2 on $mux $procmux$10333.
    dead port 1/2 on $mux $procmux$10336.
    dead port 1/2 on $mux $procmux$10339.
    dead port 1/2 on $mux $procmux$10342.
    dead port 1/2 on $mux $procmux$10345.
    dead port 1/2 on $mux $procmux$10348.
    dead port 1/2 on $mux $procmux$10351.
    dead port 1/2 on $mux $procmux$10354.
    dead port 1/2 on $mux $procmux$10357.
    dead port 1/2 on $mux $procmux$10360.
    dead port 1/2 on $mux $procmux$10366.
    dead port 1/2 on $mux $procmux$10369.
    dead port 1/2 on $mux $procmux$10372.
    dead port 1/2 on $mux $procmux$10375.
    dead port 1/2 on $mux $procmux$10378.
    dead port 1/2 on $mux $procmux$10381.
    dead port 1/2 on $mux $procmux$10384.
    dead port 1/2 on $mux $procmux$10387.
    dead port 1/2 on $mux $procmux$10390.
    dead port 1/2 on $mux $procmux$10393.
    dead port 1/2 on $mux $procmux$10399.
    dead port 1/2 on $mux $procmux$10402.
    dead port 1/2 on $mux $procmux$10405.
    dead port 1/2 on $mux $procmux$10408.
    dead port 1/2 on $mux $procmux$10411.
    dead port 1/2 on $mux $procmux$10414.
    dead port 1/2 on $mux $procmux$10417.
    dead port 1/2 on $mux $procmux$10420.
    dead port 1/2 on $mux $procmux$10423.
    dead port 1/2 on $mux $procmux$10429.
    dead port 1/2 on $mux $procmux$10432.
    dead port 1/2 on $mux $procmux$10435.
    dead port 1/2 on $mux $procmux$10438.
    dead port 1/2 on $mux $procmux$10441.
    dead port 1/2 on $mux $procmux$10444.
    dead port 1/2 on $mux $procmux$10447.
    dead port 1/2 on $mux $procmux$10450.
    dead port 1/2 on $mux $procmux$10456.
    dead port 1/2 on $mux $procmux$10459.
    dead port 1/2 on $mux $procmux$10462.
    dead port 1/2 on $mux $procmux$10465.
    dead port 1/2 on $mux $procmux$10468.
    dead port 1/2 on $mux $procmux$10471.
    dead port 1/2 on $mux $procmux$10474.
    dead port 1/2 on $mux $procmux$10480.
    dead port 1/2 on $mux $procmux$10483.
    dead port 1/2 on $mux $procmux$10486.
    dead port 1/2 on $mux $procmux$10489.
    dead port 1/2 on $mux $procmux$10492.
    dead port 1/2 on $mux $procmux$10495.
    dead port 1/2 on $mux $procmux$10501.
    dead port 1/2 on $mux $procmux$10504.
    dead port 1/2 on $mux $procmux$10507.
    dead port 1/2 on $mux $procmux$10510.
    dead port 1/2 on $mux $procmux$10513.
    dead port 1/2 on $mux $procmux$10519.
    dead port 1/2 on $mux $procmux$10522.
    dead port 1/2 on $mux $procmux$10525.
    dead port 1/2 on $mux $procmux$10528.
    dead port 1/2 on $mux $procmux$10534.
    dead port 1/2 on $mux $procmux$10537.
    dead port 1/2 on $mux $procmux$10540.
    dead port 1/2 on $mux $procmux$10546.
    dead port 1/2 on $mux $procmux$10549.
    dead port 1/2 on $mux $procmux$10555.
    dead port 1/2 on $mux $procmux$8029.
    dead port 1/2 on $mux $procmux$8032.
    dead port 1/2 on $mux $procmux$8035.
    dead port 1/2 on $mux $procmux$8038.
    dead port 1/2 on $mux $procmux$8044.
    dead port 1/2 on $mux $procmux$8047.
    dead port 1/2 on $mux $procmux$8050.
    dead port 1/2 on $mux $procmux$8053.
    dead port 1/2 on $mux $procmux$8059.
    dead port 1/2 on $mux $procmux$8062.
    dead port 1/2 on $mux $procmux$8065.
    dead port 1/2 on $mux $procmux$8068.
    dead port 1/2 on $mux $procmux$8074.
    dead port 1/2 on $mux $procmux$8077.
    dead port 1/2 on $mux $procmux$8080.
    dead port 1/2 on $mux $procmux$8083.
    dead port 1/2 on $mux $procmux$8089.
    dead port 1/2 on $mux $procmux$8092.
    dead port 1/2 on $mux $procmux$8095.
    dead port 1/2 on $mux $procmux$8098.
    dead port 1/2 on $mux $procmux$8104.
    dead port 1/2 on $mux $procmux$8107.
    dead port 1/2 on $mux $procmux$8110.
    dead port 1/2 on $mux $procmux$8113.
    dead port 1/2 on $mux $procmux$8119.
    dead port 1/2 on $mux $procmux$8122.
    dead port 1/2 on $mux $procmux$8125.
    dead port 1/2 on $mux $procmux$8128.
    dead port 1/2 on $mux $procmux$8134.
    dead port 1/2 on $mux $procmux$8137.
    dead port 1/2 on $mux $procmux$8140.
    dead port 1/2 on $mux $procmux$8143.
    dead port 1/2 on $mux $procmux$8149.
    dead port 1/2 on $mux $procmux$8152.
    dead port 1/2 on $mux $procmux$8155.
    dead port 1/2 on $mux $procmux$8161.
    dead port 1/2 on $mux $procmux$8164.
    dead port 1/2 on $mux $procmux$8167.
    dead port 1/2 on $mux $procmux$8173.
    dead port 1/2 on $mux $procmux$8176.
    dead port 1/2 on $mux $procmux$8179.
    dead port 1/2 on $mux $procmux$8185.
    dead port 1/2 on $mux $procmux$8188.
    dead port 1/2 on $mux $procmux$8191.
    dead port 1/2 on $mux $procmux$8197.
    dead port 1/2 on $mux $procmux$8200.
    dead port 1/2 on $mux $procmux$8203.
    dead port 1/2 on $mux $procmux$8209.
    dead port 1/2 on $mux $procmux$8212.
    dead port 1/2 on $mux $procmux$8215.
    dead port 1/2 on $mux $procmux$8221.
    dead port 1/2 on $mux $procmux$8224.
    dead port 1/2 on $mux $procmux$8227.
    dead port 2/2 on $mux $procmux$8233.
    dead port 1/2 on $mux $procmux$8236.
    dead port 1/2 on $mux $procmux$8239.
    dead port 1/2 on $mux $procmux$8242.
    dead port 1/2 on $mux $procmux$8248.
    dead port 1/2 on $mux $procmux$8251.
    dead port 1/2 on $mux $procmux$8254.
    dead port 1/2 on $mux $procmux$8260.
    dead port 1/2 on $mux $procmux$8263.
    dead port 1/2 on $mux $procmux$8266.
    dead port 1/2 on $mux $procmux$8272.
    dead port 1/2 on $mux $procmux$8275.
    dead port 1/2 on $mux $procmux$8278.
    dead port 1/2 on $mux $procmux$8284.
    dead port 1/2 on $mux $procmux$8287.
    dead port 1/2 on $mux $procmux$8293.
    dead port 1/2 on $mux $procmux$8296.
    dead port 1/2 on $mux $procmux$8302.
    dead port 1/2 on $mux $procmux$8305.
    dead port 1/2 on $mux $procmux$8311.
    dead port 1/2 on $mux $procmux$8314.
    dead port 1/2 on $mux $procmux$8320.
    dead port 1/2 on $mux $procmux$8323.
    dead port 1/2 on $mux $procmux$8329.
    dead port 1/2 on $mux $procmux$8332.
    dead port 1/2 on $mux $procmux$8338.
    dead port 1/2 on $mux $procmux$8341.
    dead port 1/2 on $mux $procmux$8347.
    dead port 1/2 on $mux $procmux$8350.
    dead port 1/2 on $mux $procmux$8356.
    dead port 1/2 on $mux $procmux$8359.
    dead port 1/2 on $mux $procmux$8365.
    dead port 1/2 on $mux $procmux$8368.
    dead port 1/2 on $mux $procmux$8374.
    dead port 1/2 on $mux $procmux$8377.
    dead port 1/2 on $mux $procmux$8383.
    dead port 1/2 on $mux $procmux$8386.
    dead port 1/2 on $mux $procmux$8392.
    dead port 1/2 on $mux $procmux$8398.
    dead port 1/2 on $mux $procmux$8404.
    dead port 1/2 on $mux $procmux$8410.
    dead port 1/2 on $mux $procmux$8416.
    dead port 1/2 on $mux $procmux$8422.
    dead port 1/2 on $mux $procmux$8428.
    dead port 1/2 on $mux $procmux$8434.
    dead port 1/2 on $mux $procmux$8440.
    dead port 1/2 on $mux $procmux$8446.
    dead port 1/2 on $mux $procmux$8452.
    dead port 1/2 on $mux $procmux$8458.
    dead port 1/2 on $mux $procmux$8461.
    dead port 1/2 on $mux $procmux$8467.
    dead port 1/2 on $mux $procmux$8473.
    dead port 1/2 on $mux $procmux$8476.
    dead port 1/2 on $mux $procmux$8501.
    dead port 2/2 on $mux $procmux$8503.
    dead port 1/2 on $mux $procmux$8510.
    dead port 2/2 on $mux $procmux$8512.
    dead port 1/2 on $mux $procmux$8519.
    dead port 2/2 on $mux $procmux$8521.
    dead port 2/2 on $mux $procmux$8531.
    dead port 2/2 on $mux $procmux$8533.
    dead port 2/2 on $mux $procmux$8543.
    dead port 2/2 on $mux $procmux$8545.
    dead port 2/2 on $mux $procmux$8555.
    dead port 2/2 on $mux $procmux$8557.
    dead port 2/2 on $mux $procmux$8567.
    dead port 2/2 on $mux $procmux$8569.
    dead port 2/2 on $mux $procmux$8579.
    dead port 2/2 on $mux $procmux$8581.
    dead port 2/2 on $mux $procmux$8591.
    dead port 2/2 on $mux $procmux$8593.
    dead port 2/2 on $mux $procmux$8599.
    dead port 2/2 on $mux $procmux$8605.
    dead port 2/2 on $mux $procmux$8611.
    dead port 2/2 on $mux $procmux$8617.
    dead port 2/2 on $mux $procmux$8623.
    dead port 2/2 on $mux $procmux$8629.
    dead port 2/2 on $mux $procmux$8635.
    dead port 2/2 on $mux $procmux$8641.
    dead port 2/2 on $mux $procmux$8657.
    dead port 2/2 on $mux $procmux$8673.
    dead port 2/2 on $mux $procmux$8689.
    dead port 2/2 on $mux $procmux$8705.
    dead port 2/2 on $mux $procmux$8721.
    dead port 2/2 on $mux $procmux$8737.
    dead port 2/2 on $mux $procmux$8760.
    dead port 2/2 on $mux $procmux$8769.
    dead port 2/2 on $mux $procmux$8778.
    dead port 2/2 on $mux $procmux$8787.
    dead port 2/2 on $mux $procmux$8796.
    dead port 2/2 on $mux $procmux$8806.
    dead port 2/2 on $mux $procmux$8816.
    dead port 2/2 on $mux $procmux$8826.
    dead port 2/2 on $mux $procmux$8836.
    dead port 2/2 on $mux $procmux$8846.
    dead port 2/2 on $mux $procmux$8857.
    dead port 2/2 on $mux $procmux$8868.
    dead port 2/2 on $mux $procmux$8880.
    dead port 2/2 on $mux $procmux$8882.
    dead port 2/2 on $mux $procmux$8895.
    dead port 2/2 on $mux $procmux$8897.
    dead port 2/2 on $mux $procmux$8911.
    dead port 2/2 on $mux $procmux$8913.
    dead port 2/2 on $mux $procmux$8928.
    dead port 2/2 on $mux $procmux$8930.
    dead port 2/2 on $mux $procmux$8946.
    dead port 2/2 on $mux $procmux$8948.
    dead port 2/2 on $mux $procmux$8965.
    dead port 2/2 on $mux $procmux$8967.
    dead port 2/2 on $mux $procmux$8999.
    dead port 2/2 on $mux $procmux$9011.
    dead port 2/2 on $mux $procmux$9023.
    dead port 2/2 on $mux $procmux$9047.
    dead port 2/2 on $mux $procmux$9059.
    dead port 2/2 on $mux $procmux$9071.
    dead port 2/2 on $mux $procmux$9084.
    dead port 2/2 on $mux $procmux$9097.
    dead port 1/4 on $pmux $procmux$9519.
    dead port 3/4 on $pmux $procmux$9519.
    dead port 4/4 on $pmux $procmux$9519.
    dead port 1/4 on $pmux $procmux$9524.
    dead port 3/4 on $pmux $procmux$9524.
    dead port 4/4 on $pmux $procmux$9524.
    dead port 1/4 on $pmux $procmux$9541.
    dead port 2/4 on $pmux $procmux$9541.
    dead port 4/4 on $pmux $procmux$9541.
    dead port 1/4 on $pmux $procmux$9546.
    dead port 2/4 on $pmux $procmux$9546.
    dead port 4/4 on $pmux $procmux$9546.
    dead port 1/2 on $mux $procmux$9994.
    dead port 1/2 on $mux $procmux$9997.
    dead port 1/2 on $mux $ternary$nerv.sv:794$596.
    dead port 2/2 on $mux $ternary$nerv.sv:794$596.
    dead port 1/2 on $mux $ternary$nerv.sv:795$597.
    dead port 2/2 on $mux $ternary$nerv.sv:795$597.
    dead port 1/2 on $mux $ternary$nerv.sv:795$603.
    dead port 2/2 on $mux $ternary$nerv.sv:795$603.
Running muxtree optimizer on module \nerv_extended_wrapper..
  Creating internal representation of mux trees.
  Evaluating internal representation of mux trees.
  Analyzing evaluation results.
Removed 377 multiplexer ports.
<suppressed ~4070 debug messages>

5.7.4. Executing OPT_REDUCE pass (consolidate $*mux and $reduce_* inputs).
  Optimizing cells in module \CheckerWithResult.
  Optimizing cells in module \CheckerWrapper.
  Optimizing cells in module \RiscvCore.
  Optimizing cells in module \RiscvTrans.
  Optimizing cells in module \RiscvTrans.
  Optimizing cells in module \nerv.
    Consolidated identical input bits for $mux cell $procmux$7065:
      Old ports: A=0, B=32'11111111111111111111111111111111, Y=$0$memwr$\regfile$nerv.sv:1157$92_EN[31:0]$772
      New ports: A=1'0, B=1'1, Y=$0$memwr$\regfile$nerv.sv:1157$92_EN[31:0]$772 [0]
      New connections: $0$memwr$\regfile$nerv.sv:1157$92_EN[31:0]$772 [31:1] = { $0$memwr$\regfile$nerv.sv:1157$92_EN[31:0]$772 [0] $0$memwr$\regfile$nerv.sv:1157$92_EN[31:0]$772 [0] $0$memwr$\regfile$nerv.sv:1157$92_EN[31:0]$772 [0] $0$memwr$\regfile$nerv.sv:1157$92_EN[31:0]$772 [0] $0$memwr$\regfile$nerv.sv:1157$92_EN[31:0]$772 [0] $0$memwr$\regfile$nerv.sv:1157$92_EN[31:0]$772 [0] $0$memwr$\regfile$nerv.sv:1157$92_EN[31:0]$772 [0] $0$memwr$\regfile$nerv.sv:1157$92_EN[31:0]$772 [0] $0$memwr$\regfile$nerv.sv:1157$92_EN[31:0]$772 [0] $0$memwr$\regfile$nerv.sv:1157$92_EN[31:0]$772 [0] $0$memwr$\regfile$nerv.sv:1157$92_EN[31:0]$772 [0] $0$memwr$\regfile$nerv.sv:1157$92_EN[31:0]$772 [0] $0$memwr$\regfile$nerv.sv:1157$92_EN[31:0]$772 [0] $0$memwr$\regfile$nerv.sv:1157$92_EN[31:0]$772 [0] $0$memwr$\regfile$nerv.sv:1157$92_EN[31:0]$772 [0] $0$memwr$\regfile$nerv.sv:1157$92_EN[31:0]$772 [0] $0$memwr$\regfile$nerv.sv:1157$92_EN[31:0]$772 [0] $0$memwr$\regfile$nerv.sv:1157$92_EN[31:0]$772 [0] $0$memwr$\regfile$nerv.sv:1157$92_EN[31:0]$772 [0] $0$memwr$\regfile$nerv.sv:1157$92_EN[31:0]$772 [0] $0$memwr$\regfile$nerv.sv:1157$92_EN[31:0]$772 [0] $0$memwr$\regfile$nerv.sv:1157$92_EN[31:0]$772 [0] $0$memwr$\regfile$nerv.sv:1157$92_EN[31:0]$772 [0] $0$memwr$\regfile$nerv.sv:1157$92_EN[31:0]$772 [0] $0$memwr$\regfile$nerv.sv:1157$92_EN[31:0]$772 [0] $0$memwr$\regfile$nerv.sv:1157$92_EN[31:0]$772 [0] $0$memwr$\regfile$nerv.sv:1157$92_EN[31:0]$772 [0] $0$memwr$\regfile$nerv.sv:1157$92_EN[31:0]$772 [0] $0$memwr$\regfile$nerv.sv:1157$92_EN[31:0]$772 [0] $0$memwr$\regfile$nerv.sv:1157$92_EN[31:0]$772 [0] $0$memwr$\regfile$nerv.sv:1157$92_EN[31:0]$772 [0] }
    New ctrl vector for $pmux cell $procmux$8000: { $procmux$8003_CMP $auto$opt_reduce.cc:134:opt_pmux$17163 $auto$opt_reduce.cc:134:opt_pmux$17161 }
    New ctrl vector for $pmux cell $procmux$8527: { $auto$opt_reduce.cc:134:opt_pmux$17165 $procmux$8528_CMP }
    New ctrl vector for $pmux cell $procmux$8540: $auto$opt_reduce.cc:134:opt_pmux$17167
    New ctrl vector for $pmux cell $procmux$8563: { $auto$opt_reduce.cc:134:opt_pmux$17169 $procmux$8528_CMP }
    New ctrl vector for $pmux cell $procmux$8576: $auto$opt_reduce.cc:134:opt_pmux$17171
    New ctrl vector for $pmux cell $procmux$8586: $auto$opt_reduce.cc:134:opt_pmux$17173
    New ctrl vector for $pmux cell $procmux$8662: $auto$opt_reduce.cc:134:opt_pmux$17175
    New ctrl vector for $pmux cell $procmux$8678: $auto$opt_reduce.cc:134:opt_pmux$17177
    New ctrl vector for $pmux cell $procmux$8711: $auto$opt_reduce.cc:134:opt_pmux$17179
    New ctrl vector for $pmux cell $procmux$8727: $auto$opt_reduce.cc:134:opt_pmux$17181
    New ctrl vector for $pmux cell $procmux$8992: $auto$opt_reduce.cc:134:opt_pmux$17183
    New ctrl vector for $pmux cell $procmux$9109: { $auto$opt_reduce.cc:134:opt_pmux$17185 $procmux$9012_CMP $procmux$8706_CMP $procmux$8658_CMP $eq$nerv.sv:603$121_Y }
    New ctrl vector for $pmux cell $procmux$9130: { $auto$opt_reduce.cc:134:opt_pmux$17187 $procmux$9085_CMP $procmux$9012_CMP $procmux$8858_CMP $procmux$8807_CMP $procmux$8752_CMP $procmux$8706_CMP $procmux$8658_CMP $eq$nerv.sv:603$121_Y }
    New ctrl vector for $pmux cell $procmux$9205: $auto$opt_reduce.cc:134:opt_pmux$17189
    New ctrl vector for $pmux cell $procmux$9216: $auto$opt_reduce.cc:134:opt_pmux$17191
    New ctrl vector for $pmux cell $procmux$9227: $auto$opt_reduce.cc:134:opt_pmux$17193
    New ctrl vector for $pmux cell $procmux$9238: $auto$opt_reduce.cc:134:opt_pmux$17195
    New ctrl vector for $pmux cell $procmux$9249: $auto$opt_reduce.cc:134:opt_pmux$17197
    New ctrl vector for $pmux cell $procmux$9260: $auto$opt_reduce.cc:134:opt_pmux$17199
    New ctrl vector for $pmux cell $procmux$9271: $auto$opt_reduce.cc:134:opt_pmux$17201
    New ctrl vector for $pmux cell $procmux$9282: $auto$opt_reduce.cc:134:opt_pmux$17203
    New ctrl vector for $pmux cell $procmux$9293: $auto$opt_reduce.cc:134:opt_pmux$17205
    New ctrl vector for $pmux cell $procmux$9304: $auto$opt_reduce.cc:134:opt_pmux$17207
    New ctrl vector for $pmux cell $procmux$9315: $auto$opt_reduce.cc:134:opt_pmux$17209
    New ctrl vector for $pmux cell $procmux$9326: $auto$opt_reduce.cc:134:opt_pmux$17211
    New ctrl vector for $pmux cell $procmux$9337: $auto$opt_reduce.cc:134:opt_pmux$17213
    New ctrl vector for $pmux cell $procmux$9348: $auto$opt_reduce.cc:134:opt_pmux$17215
    New ctrl vector for $pmux cell $procmux$9359: $auto$opt_reduce.cc:134:opt_pmux$17217
    New ctrl vector for $pmux cell $procmux$9370: $auto$opt_reduce.cc:134:opt_pmux$17219
    New ctrl vector for $pmux cell $procmux$9381: $auto$opt_reduce.cc:134:opt_pmux$17221
    New ctrl vector for $pmux cell $procmux$9392: $auto$opt_reduce.cc:134:opt_pmux$17223
    New ctrl vector for $pmux cell $procmux$9403: $auto$opt_reduce.cc:134:opt_pmux$17225
    New ctrl vector for $pmux cell $procmux$9414: $auto$opt_reduce.cc:134:opt_pmux$17227
    New ctrl vector for $pmux cell $procmux$9425: $auto$opt_reduce.cc:134:opt_pmux$17229
    New ctrl vector for $pmux cell $procmux$9436: $auto$opt_reduce.cc:134:opt_pmux$17231
    New ctrl vector for $pmux cell $procmux$9447: $auto$opt_reduce.cc:134:opt_pmux$17233
    New ctrl vector for $pmux cell $procmux$9458: $auto$opt_reduce.cc:134:opt_pmux$17235
    New ctrl vector for $pmux cell $procmux$9469: $auto$opt_reduce.cc:134:opt_pmux$17237
    New ctrl vector for $pmux cell $procmux$9480: $auto$opt_reduce.cc:134:opt_pmux$17239
    New ctrl vector for $pmux cell $procmux$9491: $auto$opt_reduce.cc:134:opt_pmux$17241
    New ctrl vector for $pmux cell $procmux$9502: $auto$opt_reduce.cc:134:opt_pmux$17243
    New ctrl vector for $pmux cell $procmux$9513: $auto$opt_reduce.cc:134:opt_pmux$17245
    New ctrl vector for $pmux cell $procmux$9535: $auto$opt_reduce.cc:134:opt_pmux$17247
  Optimizing cells in module \nerv.
  Optimizing cells in module \nerv_extended_wrapper.
Performed a total of 57 changes.

5.7.5. Executing OPT_MERGE pass (detect identical cells).
Finding identical cells in module `\CheckerWithResult'.
<suppressed ~162 debug messages>
Finding identical cells in module `\CheckerWrapper'.
Finding identical cells in module `\RiscvCore'.
Finding identical cells in module `\RiscvTrans'.
<suppressed ~9 debug messages>
Finding identical cells in module `\nerv'.
<suppressed ~192 debug messages>
Finding identical cells in module `\nerv_extended_wrapper'.
<suppressed ~90 debug messages>
Removed a total of 151 cells.

5.7.6. Executing OPT_CLEAN pass (remove unused cells and wires).
Finding unused cells or wires in module \CheckerWithResult..
Finding unused cells or wires in module \CheckerWrapper..
Finding unused cells or wires in module \RiscvCore..
Finding unused cells or wires in module \RiscvTrans..
Finding unused cells or wires in module \nerv..
Finding unused cells or wires in module \nerv_extended_wrapper..
Removed 0 unused cells and 2994 unused wires.
<suppressed ~14 debug messages>

5.7.7. Executing OPT_EXPR pass (perform const folding).
Optimizing module CheckerWithResult.
Optimizing module CheckerWrapper.
Optimizing module RiscvCore.
Optimizing module RiscvTrans.
Optimizing module nerv.
Optimizing module nerv_extended_wrapper.

5.7.8. Rerunning OPT passes. (Maybe there is more to do..)

5.7.9. Executing OPT_MUXTREE pass (detect dead branches in mux trees).
Running muxtree optimizer on module \CheckerWithResult..
  Creating internal representation of mux trees.
  Evaluating internal representation of mux trees.
  Analyzing evaluation results.
Running muxtree optimizer on module \CheckerWrapper..
  Creating internal representation of mux trees.
  No muxes found in this module.
Running muxtree optimizer on module \RiscvCore..
  Creating internal representation of mux trees.
  Evaluating internal representation of mux trees.
  Analyzing evaluation results.
Running muxtree optimizer on module \RiscvTrans..
  Creating internal representation of mux trees.
  Evaluating internal representation of mux trees.
  Analyzing evaluation results.
Running muxtree optimizer on module \nerv..
  Creating internal representation of mux trees.
  Evaluating internal representation of mux trees.
  Analyzing evaluation results.
Running muxtree optimizer on module \nerv_extended_wrapper..
  Creating internal representation of mux trees.
  Evaluating internal representation of mux trees.
  Analyzing evaluation results.
Removed 0 multiplexer ports.
<suppressed ~3976 debug messages>

5.7.10. Executing OPT_REDUCE pass (consolidate $*mux and $reduce_* inputs).
  Optimizing cells in module \CheckerWithResult.
  Optimizing cells in module \CheckerWrapper.
  Optimizing cells in module \RiscvCore.
  Optimizing cells in module \RiscvTrans.
  Optimizing cells in module \nerv.
  Optimizing cells in module \nerv_extended_wrapper.
Performed a total of 0 changes.

5.7.11. Executing OPT_MERGE pass (detect identical cells).
Finding identical cells in module `\CheckerWithResult'.
Finding identical cells in module `\CheckerWrapper'.
Finding identical cells in module `\RiscvCore'.
Finding identical cells in module `\RiscvTrans'.
Finding identical cells in module `\nerv'.
Finding identical cells in module `\nerv_extended_wrapper'.
Removed a total of 0 cells.

5.7.12. Executing OPT_CLEAN pass (remove unused cells and wires).
Finding unused cells or wires in module \CheckerWithResult..
Finding unused cells or wires in module \CheckerWrapper..
Finding unused cells or wires in module \RiscvCore..
Finding unused cells or wires in module \RiscvTrans..
Finding unused cells or wires in module \nerv..
Finding unused cells or wires in module \nerv_extended_wrapper..

5.7.13. Executing OPT_EXPR pass (perform const folding).
Optimizing module CheckerWithResult.
Optimizing module CheckerWrapper.
Optimizing module RiscvCore.
Optimizing module RiscvTrans.
Optimizing module nerv.
Optimizing module nerv_extended_wrapper.

5.7.14. Finished OPT passes. (There is nothing left to do.)

5.8. Executing WREDUCE pass (reducing word size of cells).
Removed top 3 bits (of 22) from port A of cell RiscvTrans.$eq$CheckerWrapper.sv:179$830 ($eq).
Removed top 3 bits (of 32) from port A of cell RiscvTrans.$eq$CheckerWrapper.sv:183$831 ($eq).
Removed top 2 bits (of 32) from port A of cell RiscvTrans.$eq$CheckerWrapper.sv:187$832 ($eq).
Removed top 3 bits (of 32) from port A of cell RiscvTrans.$eq$CheckerWrapper.sv:191$833 ($eq).
Removed top 6 bits (of 17) from port A of cell RiscvTrans.$eq$CheckerWrapper.sv:195$835 ($eq).
Removed top 6 bits (of 17) from port A of cell RiscvTrans.$eq$CheckerWrapper.sv:200$837 ($eq).
Removed top 6 bits (of 17) from port A of cell RiscvTrans.$eq$CheckerWrapper.sv:205$839 ($eq).
Removed top 6 bits (of 17) from port A of cell RiscvTrans.$eq$CheckerWrapper.sv:210$841 ($eq).
Removed top 6 bits (of 17) from port A of cell RiscvTrans.$eq$CheckerWrapper.sv:215$843 ($eq).
Removed top 6 bits (of 17) from port A of cell RiscvTrans.$eq$CheckerWrapper.sv:220$845 ($eq).
Removed top 6 bits (of 17) from port A of cell RiscvTrans.$eq$CheckerWrapper.sv:225$847 ($eq).
Removed top 6 bits (of 17) from port A of cell RiscvTrans.$eq$CheckerWrapper.sv:230$849 ($eq).
Removed top 6 bits (of 10) from port A of cell RiscvTrans.$eq$CheckerWrapper.sv:235$851 ($eq).
Removed top 25 bits (of 32) from port A of cell RiscvTrans.$eq$CheckerWrapper.sv:239$852 ($eq).
Removed top 11 bits (of 32) from port A of cell RiscvTrans.$eq$CheckerWrapper.sv:243$853 ($eq).
Removed top 1 bits (of 10) from port A of cell RiscvTrans.$eq$CheckerWrapper.sv:247$855 ($eq).
Removed top 2 bits (of 10) from port A of cell RiscvTrans.$eq$CheckerWrapper.sv:252$857 ($eq).
Removed top 4 bits (of 10) from port A of cell RiscvTrans.$eq$CheckerWrapper.sv:257$859 ($eq).
Removed top 1 bits (of 10) from port A of cell RiscvTrans.$eq$CheckerWrapper.sv:268$863 ($eq).
Removed top 2 bits (of 10) from port A of cell RiscvTrans.$eq$CheckerWrapper.sv:272$865 ($eq).
Removed top 8 bits (of 10) from port A of cell RiscvTrans.$eq$CheckerWrapper.sv:276$867 ($eq).
Removed top 2 bits (of 10) from port A of cell RiscvTrans.$eq$CheckerWrapper.sv:304$877 ($eq).
Removed top 3 bits (of 10) from port A of cell RiscvTrans.$eq$CheckerWrapper.sv:310$879 ($eq).
Removed top 3 bits (of 10) from port A of cell RiscvTrans.$eq$CheckerWrapper.sv:316$881 ($eq).
Removed top 1 bits (of 17) from port A of cell RiscvTrans.$eq$CheckerWrapper.sv:320$883 ($eq).
Removed top 1 bits (of 17) from port A of cell RiscvTrans.$eq$CheckerWrapper.sv:325$885 ($eq).
Removed top 7 bits (of 17) from port A of cell RiscvTrans.$eq$CheckerWrapper.sv:330$887 ($eq).
Removed top 9 bits (of 17) from port A of cell RiscvTrans.$eq$CheckerWrapper.sv:335$889 ($eq).
Removed top 7 bits (of 17) from port A of cell RiscvTrans.$eq$CheckerWrapper.sv:340$891 ($eq).
Removed top 7 bits (of 17) from port A of cell RiscvTrans.$eq$CheckerWrapper.sv:345$893 ($eq).
Removed top 7 bits (of 17) from port A of cell RiscvTrans.$eq$CheckerWrapper.sv:350$895 ($eq).
Removed top 8 bits (of 17) from port A of cell RiscvTrans.$eq$CheckerWrapper.sv:355$897 ($eq).
Removed top 8 bits (of 17) from port A of cell RiscvTrans.$eq$CheckerWrapper.sv:360$899 ($eq).
Removed top 11 bits (of 17) from port A of cell RiscvTrans.$eq$CheckerWrapper.sv:365$901 ($eq).
Removed top 1 bits (of 17) from port A of cell RiscvTrans.$eq$CheckerWrapper.sv:370$903 ($eq).
Removed top 7 bits (of 17) from port A of cell RiscvTrans.$eq$CheckerWrapper.sv:374$905 ($eq).
Removed top 9 bits (of 17) from port A of cell RiscvTrans.$eq$CheckerWrapper.sv:378$907 ($eq).
Removed top 1 bits (of 10) from port A of cell RiscvTrans.$eq$CheckerWrapper.sv:394$915 ($eq).
Removed top 1 bits (of 10) from port A of cell RiscvTrans.$eq$CheckerWrapper.sv:398$917 ($eq).
Removed top 5 bits (of 10) from port A of cell RiscvTrans.$eq$CheckerWrapper.sv:402$919 ($eq).
Removed top 4 bits (of 5) from port A of cell RiscvTrans.$eq$CheckerWrapper.sv:489$970 ($eq).
Removed top 3 bits (of 5) from port A of cell RiscvTrans.$eq$CheckerWrapper.sv:490$972 ($eq).
Removed top 3 bits (of 5) from port A of cell RiscvTrans.$eq$CheckerWrapper.sv:491$974 ($eq).
Removed top 2 bits (of 5) from port A of cell RiscvTrans.$eq$CheckerWrapper.sv:492$976 ($eq).
Removed top 2 bits (of 5) from port A of cell RiscvTrans.$eq$CheckerWrapper.sv:493$978 ($eq).
Removed top 2 bits (of 5) from port A of cell RiscvTrans.$eq$CheckerWrapper.sv:494$980 ($eq).
Removed top 2 bits (of 5) from port A of cell RiscvTrans.$eq$CheckerWrapper.sv:495$982 ($eq).
Removed top 1 bits (of 5) from port A of cell RiscvTrans.$eq$CheckerWrapper.sv:496$984 ($eq).
Removed top 1 bits (of 5) from port A of cell RiscvTrans.$eq$CheckerWrapper.sv:497$986 ($eq).
Removed top 1 bits (of 5) from port A of cell RiscvTrans.$eq$CheckerWrapper.sv:498$988 ($eq).
Removed top 1 bits (of 5) from port A of cell RiscvTrans.$eq$CheckerWrapper.sv:499$990 ($eq).
Removed top 1 bits (of 5) from port A of cell RiscvTrans.$eq$CheckerWrapper.sv:500$992 ($eq).
Removed top 1 bits (of 5) from port A of cell RiscvTrans.$eq$CheckerWrapper.sv:501$994 ($eq).
Removed top 1 bits (of 5) from port A of cell RiscvTrans.$eq$CheckerWrapper.sv:502$996 ($eq).
Removed top 1 bits (of 5) from port A of cell RiscvTrans.$eq$CheckerWrapper.sv:503$998 ($eq).
Removed top 2 bits (of 7) from port A of cell RiscvTrans.$eq$CheckerWrapper.sv:806$1126 ($eq).
Removed top 1 bits (of 7) from port A of cell RiscvTrans.$eq$CheckerWrapper.sv:809$1128 ($eq).
Removed top 2 bits (of 5) from mux cell RiscvTrans.$ternary$CheckerWrapper.sv:1031$1250 ($mux).
Removed top 2 bits (of 5) from mux cell RiscvTrans.$ternary$CheckerWrapper.sv:1084$1278 ($mux).
Removed top 1 bits (of 2) from port A of cell RiscvTrans.$eq$CheckerWrapper.sv:1091$1283 ($eq).
Removed top 1 bits (of 5) from mux cell RiscvTrans.$ternary$CheckerWrapper.sv:1096$1290 ($mux).
Removed top 1 bits (of 5) from mux cell RiscvTrans.$ternary$CheckerWrapper.sv:1103$1297 ($mux).
Removed top 1 bits (of 5) from mux cell RiscvTrans.$ternary$CheckerWrapper.sv:1109$1301 ($mux).
Removed top 4 bits (of 5) from port A of cell RiscvTrans.$eq$CheckerWrapper.sv:1112$1304 ($eq).
Removed top 3 bits (of 5) from port A of cell RiscvTrans.$eq$CheckerWrapper.sv:1113$1306 ($eq).
Removed top 3 bits (of 5) from port A of cell RiscvTrans.$eq$CheckerWrapper.sv:1114$1308 ($eq).
Removed top 2 bits (of 5) from port A of cell RiscvTrans.$eq$CheckerWrapper.sv:1115$1310 ($eq).
Removed top 2 bits (of 5) from port A of cell RiscvTrans.$eq$CheckerWrapper.sv:1116$1312 ($eq).
Removed top 2 bits (of 5) from port A of cell RiscvTrans.$eq$CheckerWrapper.sv:1117$1314 ($eq).
Removed top 2 bits (of 5) from port A of cell RiscvTrans.$eq$CheckerWrapper.sv:1118$1316 ($eq).
Removed top 1 bits (of 5) from port A of cell RiscvTrans.$eq$CheckerWrapper.sv:1119$1318 ($eq).
Removed top 1 bits (of 5) from port A of cell RiscvTrans.$eq$CheckerWrapper.sv:1120$1320 ($eq).
Removed top 1 bits (of 5) from port A of cell RiscvTrans.$eq$CheckerWrapper.sv:1121$1322 ($eq).
Removed top 1 bits (of 5) from port A of cell RiscvTrans.$eq$CheckerWrapper.sv:1122$1324 ($eq).
Removed top 1 bits (of 5) from port A of cell RiscvTrans.$eq$CheckerWrapper.sv:1123$1326 ($eq).
Removed top 1 bits (of 5) from port A of cell RiscvTrans.$eq$CheckerWrapper.sv:1124$1328 ($eq).
Removed top 1 bits (of 5) from port A of cell RiscvTrans.$eq$CheckerWrapper.sv:1125$1330 ($eq).
Removed top 1 bits (of 5) from port A of cell RiscvTrans.$eq$CheckerWrapper.sv:1126$1332 ($eq).
Removed top 1 bits (of 2) from port A of cell RiscvTrans.$eq$CheckerWrapper.sv:1161$1378 ($eq).
Removed top 1 bits (of 5) from mux cell RiscvTrans.$ternary$CheckerWrapper.sv:1330$1553 ($mux).
Removed top 1 bits (of 2) from port B of cell RiscvTrans.$lt$CheckerWrapper.sv:1386$1608 ($lt).
Removed top 1 bits (of 2) from port B of cell RiscvTrans.$eq$CheckerWrapper.sv:1394$1610 ($eq).
Removed top 1 bits (of 5) from mux cell RiscvTrans.$ternary$CheckerWrapper.sv:1404$1620 ($mux).
Removed top 1 bits (of 5) from mux cell RiscvTrans.$ternary$CheckerWrapper.sv:1415$1625 ($mux).
Removed top 31 bits (of 32) from port B of cell RiscvTrans.$add$CheckerWrapper.sv:1418$1627 ($add).
Removed top 4 bits (of 5) from port A of cell RiscvTrans.$eq$CheckerWrapper.sv:1597$1678 ($eq).
Removed top 3 bits (of 5) from port A of cell RiscvTrans.$eq$CheckerWrapper.sv:1598$1680 ($eq).
Removed top 3 bits (of 5) from port A of cell RiscvTrans.$eq$CheckerWrapper.sv:1599$1682 ($eq).
Removed top 2 bits (of 5) from port A of cell RiscvTrans.$eq$CheckerWrapper.sv:1600$1684 ($eq).
Removed top 2 bits (of 5) from port A of cell RiscvTrans.$eq$CheckerWrapper.sv:1601$1686 ($eq).
Removed top 2 bits (of 5) from port A of cell RiscvTrans.$eq$CheckerWrapper.sv:1602$1688 ($eq).
Removed top 2 bits (of 5) from port A of cell RiscvTrans.$eq$CheckerWrapper.sv:1603$1690 ($eq).
Removed top 1 bits (of 5) from port A of cell RiscvTrans.$eq$CheckerWrapper.sv:1604$1692 ($eq).
Removed top 1 bits (of 5) from port A of cell RiscvTrans.$eq$CheckerWrapper.sv:1605$1694 ($eq).
Removed top 1 bits (of 5) from port A of cell RiscvTrans.$eq$CheckerWrapper.sv:1606$1696 ($eq).
Removed top 1 bits (of 5) from port A of cell RiscvTrans.$eq$CheckerWrapper.sv:1607$1698 ($eq).
Removed top 1 bits (of 5) from port A of cell RiscvTrans.$eq$CheckerWrapper.sv:1608$1700 ($eq).
Removed top 1 bits (of 5) from port A of cell RiscvTrans.$eq$CheckerWrapper.sv:1609$1702 ($eq).
Removed top 1 bits (of 5) from port A of cell RiscvTrans.$eq$CheckerWrapper.sv:1610$1704 ($eq).
Removed top 1 bits (of 5) from port A of cell RiscvTrans.$eq$CheckerWrapper.sv:1611$1706 ($eq).
Removed top 31 bits (of 63) from port A of cell RiscvTrans.$shl$CheckerWrapper.sv:2026$2291 ($shl).
Removed top 31 bits (of 63) from port Y of cell RiscvTrans.$shl$CheckerWrapper.sv:2026$2291 ($shl).
Removed top 31 bits (of 63) from port A of cell RiscvTrans.$shl$CheckerWrapper.sv:2834$3430 ($shl).
Removed top 31 bits (of 63) from port Y of cell RiscvTrans.$shl$CheckerWrapper.sv:2834$3430 ($shl).
Removed top 29 bits (of 32) from port B of cell RiscvTrans.$add$CheckerWrapper.sv:3134$3852 ($add).
Removed top 2 bits (of 6) from mux cell RiscvTrans.$ternary$CheckerWrapper.sv:3588$4418 ($mux).
Removed top 1 bits (of 6) from mux cell RiscvTrans.$ternary$CheckerWrapper.sv:3683$4529 ($mux).
Removed top 1 bits (of 6) from mux cell RiscvTrans.$ternary$CheckerWrapper.sv:3721$4567 ($mux).
Removed top 2 bits (of 6) from mux cell RiscvTrans.$ternary$CheckerWrapper.sv:4124$5018 ($mux).
Removed top 24 bits (of 32) from mux cell RiscvTrans.$ternary$CheckerWrapper.sv:4126$5019 ($mux).
Removed top 1 bits (of 6) from mux cell RiscvTrans.$ternary$CheckerWrapper.sv:4139$5032 ($mux).
Removed top 16 bits (of 32) from mux cell RiscvTrans.$ternary$CheckerWrapper.sv:4140$5033 ($mux).
Removed top 1 bits (of 6) from mux cell RiscvTrans.$ternary$CheckerWrapper.sv:4146$5039 ($mux).
Removed top 16 bits (of 32) from mux cell RiscvTrans.$ternary$CheckerWrapper.sv:4147$5040 ($mux).
Removed top 32 bits (of 64) from port A of cell RiscvTrans.$mul$CheckerWrapper.sv:4272$5199 ($mul).
Removed top 32 bits (of 64) from port B of cell RiscvTrans.$mul$CheckerWrapper.sv:4272$5199 ($mul).
Removed top 33 bits (of 65) from port A of cell RiscvTrans.$mul$CheckerWrapper.sv:4349$5305 ($mul).
Removed top 32 bits (of 65) from port B of cell RiscvTrans.$mul$CheckerWrapper.sv:4349$5305 ($mul).
Removed top 1 bits (of 65) from port Y of cell RiscvTrans.$mul$CheckerWrapper.sv:4349$5305 ($mul).
Removed top 1 bits (of 5) from port B of cell RiscvTrans.$shr$CheckerWrapper.sv:4965$5992 ($shr).
Removed top 31 bits (of 32) from port Y of cell RiscvTrans.$shr$CheckerWrapper.sv:4965$5992 ($shr).
Removed top 2 bits (of 8) from port A of cell RiscvTrans.$eq$CheckerWrapper.sv:4970$5996 ($eq).
Removed top 14 bits (of 32) from mux cell RiscvTrans.$ternary$CheckerWrapper.sv:4980$6005 ($mux).
Removed top 14 bits (of 32) from mux cell RiscvTrans.$ternary$CheckerWrapper.sv:4987$6013 ($mux).
Removed top 14 bits (of 32) from mux cell RiscvTrans.$ternary$CheckerWrapper.sv:5114$6024 ($mux).
Removed top 14 bits (of 32) from mux cell RiscvTrans.$ternary$CheckerWrapper.sv:5121$6034 ($mux).
Removed top 1 bits (of 2) from port A of cell RiscvTrans.$eq$CheckerWrapper.sv:5137$6044 ($eq).
Removed top 1 bits (of 2) from port A of cell RiscvTrans.$eq$CheckerWrapper.sv:5144$6052 ($eq).
Removed top 1 bits (of 2) from mux cell RiscvTrans.$ternary$CheckerWrapper.sv:5234$6068 ($mux).
Removed top 3 bits (of 5) from port A of cell RiscvTrans.$eq$CheckerWrapper.sv:5286$6071 ($eq).
Removed top 1 bits (of 5) from port B of cell RiscvTrans.$eq$CheckerWrapper.sv:5286$6071 ($eq).
Removed top 4 bits (of 5) from port A of cell RiscvTrans.$eq$CheckerWrapper.sv:5292$6075 ($eq).
Removed top 1 bits (of 5) from port B of cell RiscvTrans.$eq$CheckerWrapper.sv:5292$6075 ($eq).
Removed top 2 bits (of 5) from port A of cell RiscvTrans.$eq$CheckerWrapper.sv:5310$6086 ($eq).
Removed top 1 bits (of 5) from port B of cell RiscvTrans.$eq$CheckerWrapper.sv:5310$6086 ($eq).
Removed top 2 bits (of 5) from port A of cell RiscvTrans.$eq$CheckerWrapper.sv:5313$6089 ($eq).
Removed top 1 bits (of 5) from port B of cell RiscvTrans.$eq$CheckerWrapper.sv:5313$6089 ($eq).
Removed top 1 bits (of 5) from port A of cell RiscvTrans.$eq$CheckerWrapper.sv:5314$6091 ($eq).
Removed top 1 bits (of 5) from port B of cell RiscvTrans.$eq$CheckerWrapper.sv:5314$6091 ($eq).
Removed top 3 bits (of 5) from port A of cell RiscvTrans.$eq$CheckerWrapper.sv:5315$6093 ($eq).
Removed top 1 bits (of 5) from port B of cell RiscvTrans.$eq$CheckerWrapper.sv:5315$6093 ($eq).
Removed top 2 bits (of 32) from port A of cell RiscvTrans.$add$CheckerWrapper.sv:5324$6100 ($add).
Removed top 28 bits (of 32) from port B of cell RiscvTrans.$add$CheckerWrapper.sv:5324$6100 ($add).
Removed top 1 bits (of 32) from port Y of cell RiscvTrans.$add$CheckerWrapper.sv:5324$6100 ($add).
Removed top 1 bits (of 34) from mux cell RiscvTrans.$ternary$CheckerWrapper.sv:5326$6102 ($mux).
Removed top 1 bits (of 34) from mux cell RiscvTrans.$ternary$CheckerWrapper.sv:5327$6104 ($mux).
Removed top 1 bits (of 34) from mux cell RiscvTrans.$ternary$CheckerWrapper.sv:5335$6113 ($mux).
Removed top 2 bits (of 32) from port A of cell RiscvTrans.$add$CheckerWrapper.sv:5389$6131 ($add).
Removed top 28 bits (of 32) from port B of cell RiscvTrans.$add$CheckerWrapper.sv:5389$6131 ($add).
Removed top 1 bits (of 32) from port Y of cell RiscvTrans.$add$CheckerWrapper.sv:5389$6131 ($add).
Removed top 1 bits (of 34) from mux cell RiscvTrans.$ternary$CheckerWrapper.sv:5391$6133 ($mux).
Removed top 1 bits (of 34) from mux cell RiscvTrans.$ternary$CheckerWrapper.sv:5392$6135 ($mux).
Removed top 1 bits (of 34) from mux cell RiscvTrans.$ternary$CheckerWrapper.sv:5399$6140 ($mux).
Removed top 1 bits (of 34) from mux cell RiscvTrans.$ternary$CheckerWrapper.sv:5412$6151 ($mux).
Removed top 14 bits (of 32) from mux cell RiscvTrans.$ternary$CheckerWrapper.sv:5449$6158 ($mux).
Removed top 1 bits (of 34) from mux cell RiscvTrans.$ternary$CheckerWrapper.sv:5450$6159 ($mux).
Removed top 2 bits (of 34) from mux cell RiscvTrans.$ternary$CheckerWrapper.sv:5489$6197 ($mux).
Removed top 14 bits (of 32) from mux cell RiscvTrans.$ternary$CheckerWrapper.sv:5791$6250 ($mux).
Removed top 1 bits (of 33) from mux cell RiscvTrans.$ternary$CheckerWrapper.sv:5450$6159 ($mux).
Removed top 1 bits (of 33) from mux cell RiscvTrans.$ternary$CheckerWrapper.sv:5412$6151 ($mux).
Removed top 1 bits (of 33) from mux cell RiscvTrans.$ternary$CheckerWrapper.sv:5335$6113 ($mux).
Removed top 1 bits (of 33) from mux cell RiscvTrans.$ternary$CheckerWrapper.sv:5399$6140 ($mux).
Removed top 1 bits (of 33) from mux cell RiscvTrans.$ternary$CheckerWrapper.sv:5327$6104 ($mux).
Removed top 1 bits (of 33) from mux cell RiscvTrans.$ternary$CheckerWrapper.sv:5392$6135 ($mux).
Removed top 1 bits (of 33) from mux cell RiscvTrans.$ternary$CheckerWrapper.sv:5326$6102 ($mux).
Removed top 1 bits (of 33) from mux cell RiscvTrans.$ternary$CheckerWrapper.sv:5391$6133 ($mux).
Removed top 1 bits (of 31) from port Y of cell RiscvTrans.$add$CheckerWrapper.sv:5324$6100 ($add).
Removed top 1 bits (of 31) from port Y of cell RiscvTrans.$add$CheckerWrapper.sv:5389$6131 ($add).
Removed top 2 bits (of 6) from wire RiscvTrans._GEN_2006.
Removed top 1 bits (of 6) from wire RiscvTrans._GEN_2075.
Removed top 1 bits (of 6) from wire RiscvTrans._GEN_2119.
Removed top 3 bits (of 32) from wire RiscvTrans._GEN_2187.
Removed top 6 bits (of 32) from wire RiscvTrans._GEN_2378.
Removed top 2 bits (of 6) from wire RiscvTrans._GEN_2472.
Removed top 24 bits (of 32) from wire RiscvTrans._GEN_2473.
Removed top 6 bits (of 32) from wire RiscvTrans._GEN_2475.
Removed top 1 bits (of 6) from wire RiscvTrans._GEN_2476.
Removed top 16 bits (of 32) from wire RiscvTrans._GEN_2477.
Removed top 1 bits (of 6) from wire RiscvTrans._GEN_2490.
Removed top 16 bits (of 32) from wire RiscvTrans._GEN_2491.
Removed top 6 bits (of 32) from wire RiscvTrans._GEN_2495.
Removed top 2 bits (of 34) from wire RiscvTrans._GEN_3191.
Removed top 2 bits (of 34) from wire RiscvTrans._GEN_3193.
Removed top 2 bits (of 34) from wire RiscvTrans._GEN_3203.
Removed top 2 bits (of 34) from wire RiscvTrans._GEN_3211.
Removed top 2 bits (of 34) from wire RiscvTrans._GEN_3213.
Removed top 2 bits (of 34) from wire RiscvTrans._GEN_3223.
Removed top 2 bits (of 34) from wire RiscvTrans._GEN_3234.
Removed top 2 bits (of 34) from wire RiscvTrans._GEN_3251.
Removed top 17 bits (of 32) from wire RiscvTrans._T.
Removed top 17 bits (of 32) from wire RiscvTrans._T_12.
Removed top 17 bits (of 32) from wire RiscvTrans._T_156.
Removed top 6 bits (of 31) from wire RiscvTrans._T_167.
Removed top 6 bits (of 32) from wire RiscvTrans._T_168.
Removed top 17 bits (of 32) from wire RiscvTrans._T_18.
Removed top 17 bits (of 32) from wire RiscvTrans._T_181.
Removed top 17 bits (of 32) from wire RiscvTrans._T_208.
Removed top 17 bits (of 32) from wire RiscvTrans._T_235.
Removed top 17 bits (of 32) from wire RiscvTrans._T_24.
Removed top 17 bits (of 32) from wire RiscvTrans._T_264.
Removed top 17 bits (of 32) from wire RiscvTrans._T_291.
Removed top 17 bits (of 32) from wire RiscvTrans._T_30.
Removed top 17 bits (of 32) from wire RiscvTrans._T_320.
Removed top 17 bits (of 32) from wire RiscvTrans._T_347.
Removed top 17 bits (of 32) from wire RiscvTrans._T_367.
Removed top 17 bits (of 32) from wire RiscvTrans._T_387.
Removed top 17 bits (of 32) from wire RiscvTrans._T_407.
Removed top 17 bits (of 32) from wire RiscvTrans._T_426.
Removed top 6 bits (of 32) from wire RiscvTrans._T_433.
Removed top 17 bits (of 32) from wire RiscvTrans._T_446.
Removed top 17 bits (of 32) from wire RiscvTrans._T_469.
Removed top 17 bits (of 32) from wire RiscvTrans._T_493.
Removed top 17 bits (of 32) from wire RiscvTrans._T_532.
Removed top 17 bits (of 32) from wire RiscvTrans._T_6.
Removed top 1 bits (of 5) from wire RiscvTrans._exceptionNO_T_10.
Removed top 2 bits (of 5) from wire RiscvTrans._exceptionNO_T_4.
Removed top 2 bits (of 5) from wire RiscvTrans._exceptionNO_T_5.
Removed top 1 bits (of 5) from wire RiscvTrans._exceptionNO_T_6.
Removed top 1 bits (of 5) from wire RiscvTrans._exceptionNO_T_7.
Removed top 1 bits (of 5) from wire RiscvTrans._exceptionNO_T_8.
Removed top 1 bits (of 5) from wire RiscvTrans._exceptionNO_T_9.
Removed top 27 bits (of 31) from wire RiscvTrans._next_csr_mcause_T.
Removed top 28 bits (of 32) from wire RiscvTrans._next_csr_mcause_T_1.
Removed top 6 bits (of 31) from wire RiscvTrans._next_csr_mtval_T_4.
Removed top 6 bits (of 32) from wire RiscvTrans._next_csr_mtval_T_5.
Removed top 27 bits (of 31) from wire RiscvTrans._next_csr_scause_T.
Removed top 28 bits (of 32) from wire RiscvTrans._next_csr_scause_T_1.
Removed top 28 bits (of 32) from wire RiscvTrans._next_pc_T_23.
Removed top 31 bits (of 32) from wire RiscvTrans._next_pc_T_25.
Removed top 28 bits (of 32) from wire RiscvTrans._next_pc_T_30.
Removed top 31 bits (of 32) from wire RiscvTrans._next_pc_T_32.
Removed top 6 bits (of 31) from wire RiscvTrans._next_pc_T_4.
Removed top 6 bits (of 32) from wire RiscvTrans._next_pc_T_5.
Removed top 6 bits (of 32) from wire RiscvTrans._next_reg_rd.
Removed top 31 bits (of 32) from wire RiscvTrans._next_reg_rd_0.
Removed top 31 bits (of 32) from wire RiscvTrans._next_reg_rd_1.
Removed top 1 bits (of 5) from wire RiscvTrans.exceptionNO.
Removed top 27 address bits (of 32) from memory read port nerv.$memrd$\regfile$nerv.sv:1274$795 (regfile).
Removed top 27 address bits (of 32) from memory read port nerv.$memrd$\regfile$nerv.sv:1275$796 (regfile).
Removed top 27 address bits (of 32) from memory read port nerv.$memrd$\regfile$nerv.sv:1276$797 (regfile).
Removed top 27 address bits (of 32) from memory read port nerv.$memrd$\regfile$nerv.sv:1277$798 (regfile).
Removed top 27 address bits (of 32) from memory read port nerv.$memrd$\regfile$nerv.sv:1278$799 (regfile).
Removed top 27 address bits (of 32) from memory read port nerv.$memrd$\regfile$nerv.sv:1279$800 (regfile).
Removed top 27 address bits (of 32) from memory read port nerv.$memrd$\regfile$nerv.sv:1280$801 (regfile).
Removed top 27 address bits (of 32) from memory read port nerv.$memrd$\regfile$nerv.sv:1281$802 (regfile).
Removed top 27 address bits (of 32) from memory read port nerv.$memrd$\regfile$nerv.sv:1282$803 (regfile).
Removed top 27 address bits (of 32) from memory read port nerv.$memrd$\regfile$nerv.sv:1283$804 (regfile).
Removed top 27 address bits (of 32) from memory read port nerv.$memrd$\regfile$nerv.sv:1284$805 (regfile).
Removed top 27 address bits (of 32) from memory read port nerv.$memrd$\regfile$nerv.sv:1285$806 (regfile).
Removed top 27 address bits (of 32) from memory read port nerv.$memrd$\regfile$nerv.sv:1286$807 (regfile).
Removed top 27 address bits (of 32) from memory read port nerv.$memrd$\regfile$nerv.sv:1287$808 (regfile).
Removed top 27 address bits (of 32) from memory read port nerv.$memrd$\regfile$nerv.sv:1288$809 (regfile).
Removed top 27 address bits (of 32) from memory read port nerv.$memrd$\regfile$nerv.sv:1289$810 (regfile).
Removed top 27 address bits (of 32) from memory read port nerv.$memrd$\regfile$nerv.sv:1290$811 (regfile).
Removed top 27 address bits (of 32) from memory read port nerv.$memrd$\regfile$nerv.sv:1291$812 (regfile).
Removed top 27 address bits (of 32) from memory read port nerv.$memrd$\regfile$nerv.sv:1292$813 (regfile).
Removed top 27 address bits (of 32) from memory read port nerv.$memrd$\regfile$nerv.sv:1293$814 (regfile).
Removed top 27 address bits (of 32) from memory read port nerv.$memrd$\regfile$nerv.sv:1294$815 (regfile).
Removed top 27 address bits (of 32) from memory read port nerv.$memrd$\regfile$nerv.sv:1295$816 (regfile).
Removed top 27 address bits (of 32) from memory read port nerv.$memrd$\regfile$nerv.sv:1296$817 (regfile).
Removed top 27 address bits (of 32) from memory read port nerv.$memrd$\regfile$nerv.sv:1297$818 (regfile).
Removed top 27 address bits (of 32) from memory read port nerv.$memrd$\regfile$nerv.sv:1298$819 (regfile).
Removed top 27 address bits (of 32) from memory read port nerv.$memrd$\regfile$nerv.sv:1299$820 (regfile).
Removed top 27 address bits (of 32) from memory read port nerv.$memrd$\regfile$nerv.sv:1300$821 (regfile).
Removed top 27 address bits (of 32) from memory read port nerv.$memrd$\regfile$nerv.sv:1301$822 (regfile).
Removed top 27 address bits (of 32) from memory read port nerv.$memrd$\regfile$nerv.sv:1302$823 (regfile).
Removed top 27 address bits (of 32) from memory read port nerv.$memrd$\regfile$nerv.sv:1303$824 (regfile).
Removed top 27 address bits (of 32) from memory read port nerv.$memrd$\regfile$nerv.sv:1304$825 (regfile).
Removed top 1 bits (of 2) from port B of cell nerv.$ne$nerv.sv:606$126 ($ne).
Removed top 2 bits (of 12) from port B of cell nerv.$eq$nerv.sv:654$140 ($eq).
Removed top 2 bits (of 12) from port B of cell nerv.$eq$nerv.sv:654$144 ($eq).
Removed top 2 bits (of 12) from port B of cell nerv.$eq$nerv.sv:654$148 ($eq).
Removed top 2 bits (of 12) from port B of cell nerv.$eq$nerv.sv:654$152 ($eq).
Removed top 2 bits (of 12) from port B of cell nerv.$eq$nerv.sv:654$156 ($eq).
Removed top 2 bits (of 12) from port B of cell nerv.$eq$nerv.sv:654$160 ($eq).
Removed top 2 bits (of 12) from port B of cell nerv.$eq$nerv.sv:654$164 ($eq).
Removed top 2 bits (of 12) from port B of cell nerv.$eq$nerv.sv:654$168 ($eq).
Removed top 2 bits (of 12) from port B of cell nerv.$eq$nerv.sv:654$172 ($eq).
Removed top 2 bits (of 12) from port B of cell nerv.$eq$nerv.sv:654$176 ($eq).
Removed top 2 bits (of 12) from port B of cell nerv.$eq$nerv.sv:654$310 ($eq).
Removed top 2 bits (of 12) from port B of cell nerv.$eq$nerv.sv:654$312 ($eq).
Removed top 2 bits (of 12) from port B of cell nerv.$eq$nerv.sv:654$314 ($eq).
Removed top 2 bits (of 12) from port B of cell nerv.$eq$nerv.sv:654$316 ($eq).
Removed top 2 bits (of 12) from port B of cell nerv.$eq$nerv.sv:654$318 ($eq).
Removed top 2 bits (of 12) from port B of cell nerv.$eq$nerv.sv:654$320 ($eq).
Removed top 2 bits (of 12) from port B of cell nerv.$eq$nerv.sv:654$322 ($eq).
Removed top 2 bits (of 12) from port B of cell nerv.$eq$nerv.sv:654$324 ($eq).
Removed top 2 bits (of 12) from port B of cell nerv.$eq$nerv.sv:654$326 ($eq).
Removed top 2 bits (of 12) from port B of cell nerv.$eq$nerv.sv:654$328 ($eq).
Removed top 2 bits (of 12) from port B of cell nerv.$eq$nerv.sv:654$330 ($eq).
Removed top 2 bits (of 12) from port B of cell nerv.$eq$nerv.sv:654$332 ($eq).
Removed top 2 bits (of 12) from port B of cell nerv.$eq$nerv.sv:654$334 ($eq).
Removed top 2 bits (of 12) from port B of cell nerv.$eq$nerv.sv:654$336 ($eq).
Removed top 2 bits (of 12) from port B of cell nerv.$eq$nerv.sv:654$338 ($eq).
Removed top 2 bits (of 12) from port B of cell nerv.$eq$nerv.sv:654$340 ($eq).
Removed top 2 bits (of 12) from port B of cell nerv.$eq$nerv.sv:654$342 ($eq).
Removed top 2 bits (of 12) from port B of cell nerv.$eq$nerv.sv:654$344 ($eq).
Removed top 2 bits (of 12) from port B of cell nerv.$eq$nerv.sv:654$346 ($eq).
Removed top 2 bits (of 12) from port B of cell nerv.$eq$nerv.sv:654$348 ($eq).
Removed top 2 bits (of 12) from port B of cell nerv.$eq$nerv.sv:654$350 ($eq).
Removed top 2 bits (of 12) from port B of cell nerv.$eq$nerv.sv:654$352 ($eq).
Removed top 2 bits (of 12) from port B of cell nerv.$eq$nerv.sv:654$354 ($eq).
Removed top 2 bits (of 12) from port B of cell nerv.$eq$nerv.sv:654$356 ($eq).
Removed top 2 bits (of 12) from port B of cell nerv.$eq$nerv.sv:654$358 ($eq).
Removed top 2 bits (of 12) from port B of cell nerv.$eq$nerv.sv:654$360 ($eq).
Removed top 2 bits (of 12) from port B of cell nerv.$eq$nerv.sv:654$362 ($eq).
Removed top 2 bits (of 12) from port B of cell nerv.$eq$nerv.sv:654$364 ($eq).
Removed top 2 bits (of 12) from port B of cell nerv.$eq$nerv.sv:654$366 ($eq).
Removed top 29 bits (of 32) from port B of cell nerv.$add$nerv.sv:692$377 ($add).
Removed top 31 bits (of 32) from port B of cell nerv.$add$nerv.sv:802$598 ($add).
Removed top 31 bits (of 32) from mux cell nerv.$ternary$nerv.sv:794$599 ($mux).
Removed top 31 bits (of 32) from mux cell nerv.$ternary$nerv.sv:795$600 ($mux).
Removed top 31 bits (of 32) from port B of cell nerv.$add$nerv.sv:802$604 ($add).
Removed top 28 bits (of 32) from port A of cell nerv.$mul$nerv.sv:970$722 ($mul).
Removed top 26 bits (of 32) from port Y of cell nerv.$mul$nerv.sv:970$722 ($mul).
Removed top 26 bits (of 32) from port B of cell nerv.$shl$nerv.sv:970$723 ($shl).
Removed top 20 bits (of 32) from port B of cell nerv.$lt$nerv.sv:982$726 ($lt).
Removed top 30 bits (of 31) from port B of cell nerv.$add$nerv.sv:997$735 ($add).
Removed top 30 bits (of 31) from port B of cell nerv.$add$nerv.sv:998$737 ($add).
Removed top 25 bits (of 32) from port B of cell nerv.$add$nerv.sv:1097$755 ($add).
Removed top 28 bits (of 32) from port A of cell nerv.$mul$nerv.sv:1140$767 ($mul).
Removed top 26 bits (of 32) from port Y of cell nerv.$mul$nerv.sv:1140$767 ($mul).
Removed top 26 bits (of 32) from port B of cell nerv.$shr$nerv.sv:1140$768 ($shr).
Removed top 27 bits (of 32) from mux cell nerv.$ternary$nerv.sv:1167$781 ($mux).
Removed top 31 bits (of 32) from port B of cell nerv.$add$nerv.sv:1174$785 ($add).
Removed top 3 bits (of 4) from port A of cell nerv.$shl$nerv.sv:1190$787 ($shl).
Removed top 2 bits (of 4) from port A of cell nerv.$shl$nerv.sv:1191$788 ($shl).
Removed top 29 bits (of 32) from mux cell nerv.$ternary$nerv.sv:1261$793 ($mux).
Removed top 31 bits (of 32) from port A of cell nerv.$sub$nerv.sv:1261$794 ($sub).
Removed top 29 bits (of 32) from port B of cell nerv.$sub$nerv.sv:1261$794 ($sub).
Removed top 28 bits (of 32) from port Y of cell nerv.$sub$nerv.sv:1261$794 ($sub).
Removed top 2 bits (of 3) from port B of cell nerv.$procmux$8014_CMP0 ($eq).
Removed top 2 bits (of 12) from port B of cell nerv.$procmux$8528_CMP0 ($eq).
Removed top 11 bits (of 12) from port B of cell nerv.$procmux$8529_CMP0 ($eq).
Removed top 3 bits (of 12) from port B of cell nerv.$procmux$8587_CMP0 ($eq).
Removed top 7 bits (of 10) from port B of cell nerv.$procmux$8647_CMP0 ($eq).
Removed top 7 bits (of 10) from port B of cell nerv.$procmux$8648_CMP0 ($eq).
Removed top 1 bits (of 10) from port B of cell nerv.$procmux$8649_CMP0 ($eq).
Removed top 7 bits (of 10) from port B of cell nerv.$procmux$8650_CMP0 ($eq).
Removed top 7 bits (of 10) from port B of cell nerv.$procmux$8651_CMP0 ($eq).
Removed top 8 bits (of 10) from port B of cell nerv.$procmux$8652_CMP0 ($eq).
Removed top 8 bits (of 10) from port B of cell nerv.$procmux$8653_CMP0 ($eq).
Removed top 9 bits (of 10) from port B of cell nerv.$procmux$8654_CMP0 ($eq).
Removed top 1 bits (of 10) from port B of cell nerv.$procmux$8655_CMP0 ($eq).
Removed top 1 bits (of 7) from port B of cell nerv.$procmux$8658_CMP0 ($eq).
Removed top 1 bits (of 3) from port B of cell nerv.$procmux$8702_CMP0 ($eq).
Removed top 1 bits (of 3) from port B of cell nerv.$procmux$8703_CMP0 ($eq).
Removed top 2 bits (of 7) from port B of cell nerv.$procmux$8706_CMP0 ($eq).
Removed top 2 bits (of 3) from port B of cell nerv.$procmux$8747_CMP0 ($eq).
Removed top 2 bits (of 4) from port B of cell nerv.$procmux$8750_CMP1 ($eq).
Removed top 1 bits (of 5) from port B of cell nerv.$procmux$8750_CMP2 ($eq).
Removed top 1 bits (of 7) from port B of cell nerv.$procmux$8752_CMP0 ($eq).
Removed top 30 bits (of 32) from mux cell nerv.$procmux$8758 ($mux).
Removed top 2 bits (of 4) from port B of cell nerv.$procmux$8805_CMP1 ($eq).
Removed top 1 bits (of 5) from port B of cell nerv.$procmux$8805_CMP2 ($eq).
Removed top 30 bits (of 32) from mux cell nerv.$procmux$8804 ($mux).
Removed top 5 bits (of 7) from port B of cell nerv.$procmux$8807_CMP0 ($eq).
Removed top 30 bits (of 32) from mux cell nerv.$procmux$8855 ($mux).
Removed top 30 bits (of 32) from mux cell nerv.$procmux$9009 ($mux).
Removed top 30 bits (of 32) from mux cell nerv.$procmux$9082 ($mux).
Removed top 2 bits (of 7) from port B of cell nerv.$procmux$9106_CMP0 ($eq).
Removed top 1 bits (of 7) from port B of cell nerv.$procmux$9107_CMP0 ($eq).
Removed top 30 bits (of 32) from port B of cell nerv.$procmux$9201_CMP0 ($eq).
Removed top 31 bits (of 32) from mux cell nerv.$procmux$9200 ($pmux).
Removed top 30 bits (of 32) from port B of cell nerv.$procmux$9202_CMP0 ($eq).
Removed top 31 bits (of 32) from port B of cell nerv.$procmux$9203_CMP0 ($eq).
Removed top 30 bits (of 32) from port B of cell nerv.$procmux$9212_CMP0 ($eq).
Removed top 31 bits (of 32) from mux cell nerv.$procmux$9211 ($pmux).
Removed top 30 bits (of 32) from port B of cell nerv.$procmux$9213_CMP0 ($eq).
Removed top 31 bits (of 32) from port B of cell nerv.$procmux$9214_CMP0 ($eq).
Removed top 30 bits (of 32) from port B of cell nerv.$procmux$9223_CMP0 ($eq).
Removed top 31 bits (of 32) from mux cell nerv.$procmux$9222 ($pmux).
Removed top 30 bits (of 32) from port B of cell nerv.$procmux$9224_CMP0 ($eq).
Removed top 31 bits (of 32) from port B of cell nerv.$procmux$9225_CMP0 ($eq).
Removed top 30 bits (of 32) from port B of cell nerv.$procmux$9234_CMP0 ($eq).
Removed top 31 bits (of 32) from mux cell nerv.$procmux$9233 ($pmux).
Removed top 30 bits (of 32) from port B of cell nerv.$procmux$9235_CMP0 ($eq).
Removed top 31 bits (of 32) from port B of cell nerv.$procmux$9236_CMP0 ($eq).
Removed top 30 bits (of 32) from port B of cell nerv.$procmux$9245_CMP0 ($eq).
Removed top 31 bits (of 32) from mux cell nerv.$procmux$9244 ($pmux).
Removed top 30 bits (of 32) from port B of cell nerv.$procmux$9246_CMP0 ($eq).
Removed top 31 bits (of 32) from port B of cell nerv.$procmux$9247_CMP0 ($eq).
Removed top 30 bits (of 32) from port B of cell nerv.$procmux$9256_CMP0 ($eq).
Removed top 31 bits (of 32) from mux cell nerv.$procmux$9255 ($pmux).
Removed top 30 bits (of 32) from port B of cell nerv.$procmux$9257_CMP0 ($eq).
Removed top 31 bits (of 32) from port B of cell nerv.$procmux$9258_CMP0 ($eq).
Removed top 30 bits (of 32) from port B of cell nerv.$procmux$9267_CMP0 ($eq).
Removed top 31 bits (of 32) from mux cell nerv.$procmux$9266 ($pmux).
Removed top 30 bits (of 32) from port B of cell nerv.$procmux$9268_CMP0 ($eq).
Removed top 31 bits (of 32) from port B of cell nerv.$procmux$9269_CMP0 ($eq).
Removed top 30 bits (of 32) from port B of cell nerv.$procmux$9278_CMP0 ($eq).
Removed top 31 bits (of 32) from mux cell nerv.$procmux$9277 ($pmux).
Removed top 30 bits (of 32) from port B of cell nerv.$procmux$9279_CMP0 ($eq).
Removed top 31 bits (of 32) from port B of cell nerv.$procmux$9280_CMP0 ($eq).
Removed top 30 bits (of 32) from port B of cell nerv.$procmux$9289_CMP0 ($eq).
Removed top 31 bits (of 32) from mux cell nerv.$procmux$9288 ($pmux).
Removed top 30 bits (of 32) from port B of cell nerv.$procmux$9290_CMP0 ($eq).
Removed top 31 bits (of 32) from port B of cell nerv.$procmux$9291_CMP0 ($eq).
Removed top 30 bits (of 32) from port B of cell nerv.$procmux$9300_CMP0 ($eq).
Removed top 31 bits (of 32) from mux cell nerv.$procmux$9299 ($pmux).
Removed top 30 bits (of 32) from port B of cell nerv.$procmux$9301_CMP0 ($eq).
Removed top 31 bits (of 32) from port B of cell nerv.$procmux$9302_CMP0 ($eq).
Removed top 30 bits (of 32) from port B of cell nerv.$procmux$9311_CMP0 ($eq).
Removed top 31 bits (of 32) from mux cell nerv.$procmux$9310 ($pmux).
Removed top 30 bits (of 32) from port B of cell nerv.$procmux$9312_CMP0 ($eq).
Removed top 31 bits (of 32) from port B of cell nerv.$procmux$9313_CMP0 ($eq).
Removed top 30 bits (of 32) from port B of cell nerv.$procmux$9322_CMP0 ($eq).
Removed top 31 bits (of 32) from mux cell nerv.$procmux$9321 ($pmux).
Removed top 30 bits (of 32) from port B of cell nerv.$procmux$9323_CMP0 ($eq).
Removed top 31 bits (of 32) from port B of cell nerv.$procmux$9324_CMP0 ($eq).
Removed top 30 bits (of 32) from port B of cell nerv.$procmux$9333_CMP0 ($eq).
Removed top 31 bits (of 32) from mux cell nerv.$procmux$9332 ($pmux).
Removed top 30 bits (of 32) from port B of cell nerv.$procmux$9334_CMP0 ($eq).
Removed top 31 bits (of 32) from port B of cell nerv.$procmux$9335_CMP0 ($eq).
Removed top 30 bits (of 32) from port B of cell nerv.$procmux$9344_CMP0 ($eq).
Removed top 31 bits (of 32) from mux cell nerv.$procmux$9343 ($pmux).
Removed top 30 bits (of 32) from port B of cell nerv.$procmux$9345_CMP0 ($eq).
Removed top 31 bits (of 32) from port B of cell nerv.$procmux$9346_CMP0 ($eq).
Removed top 30 bits (of 32) from port B of cell nerv.$procmux$9355_CMP0 ($eq).
Removed top 31 bits (of 32) from mux cell nerv.$procmux$9354 ($pmux).
Removed top 30 bits (of 32) from port B of cell nerv.$procmux$9356_CMP0 ($eq).
Removed top 31 bits (of 32) from port B of cell nerv.$procmux$9357_CMP0 ($eq).
Removed top 30 bits (of 32) from port B of cell nerv.$procmux$9366_CMP0 ($eq).
Removed top 31 bits (of 32) from mux cell nerv.$procmux$9365 ($pmux).
Removed top 30 bits (of 32) from port B of cell nerv.$procmux$9367_CMP0 ($eq).
Removed top 31 bits (of 32) from port B of cell nerv.$procmux$9368_CMP0 ($eq).
Removed top 30 bits (of 32) from port B of cell nerv.$procmux$9377_CMP0 ($eq).
Removed top 31 bits (of 32) from mux cell nerv.$procmux$9376 ($pmux).
Removed top 30 bits (of 32) from port B of cell nerv.$procmux$9378_CMP0 ($eq).
Removed top 31 bits (of 32) from port B of cell nerv.$procmux$9379_CMP0 ($eq).
Removed top 30 bits (of 32) from port B of cell nerv.$procmux$9388_CMP0 ($eq).
Removed top 31 bits (of 32) from mux cell nerv.$procmux$9387 ($pmux).
Removed top 30 bits (of 32) from port B of cell nerv.$procmux$9389_CMP0 ($eq).
Removed top 31 bits (of 32) from port B of cell nerv.$procmux$9390_CMP0 ($eq).
Removed top 30 bits (of 32) from port B of cell nerv.$procmux$9399_CMP0 ($eq).
Removed top 31 bits (of 32) from mux cell nerv.$procmux$9398 ($pmux).
Removed top 30 bits (of 32) from port B of cell nerv.$procmux$9400_CMP0 ($eq).
Removed top 31 bits (of 32) from port B of cell nerv.$procmux$9401_CMP0 ($eq).
Removed top 30 bits (of 32) from port B of cell nerv.$procmux$9410_CMP0 ($eq).
Removed top 31 bits (of 32) from mux cell nerv.$procmux$9409 ($pmux).
Removed top 30 bits (of 32) from port B of cell nerv.$procmux$9411_CMP0 ($eq).
Removed top 31 bits (of 32) from port B of cell nerv.$procmux$9412_CMP0 ($eq).
Removed top 30 bits (of 32) from port B of cell nerv.$procmux$9421_CMP0 ($eq).
Removed top 31 bits (of 32) from mux cell nerv.$procmux$9420 ($pmux).
Removed top 30 bits (of 32) from port B of cell nerv.$procmux$9422_CMP0 ($eq).
Removed top 31 bits (of 32) from port B of cell nerv.$procmux$9423_CMP0 ($eq).
Removed top 30 bits (of 32) from port B of cell nerv.$procmux$9432_CMP0 ($eq).
Removed top 31 bits (of 32) from mux cell nerv.$procmux$9431 ($pmux).
Removed top 30 bits (of 32) from port B of cell nerv.$procmux$9433_CMP0 ($eq).
Removed top 31 bits (of 32) from port B of cell nerv.$procmux$9434_CMP0 ($eq).
Removed top 30 bits (of 32) from port B of cell nerv.$procmux$9443_CMP0 ($eq).
Removed top 31 bits (of 32) from mux cell nerv.$procmux$9442 ($pmux).
Removed top 30 bits (of 32) from port B of cell nerv.$procmux$9444_CMP0 ($eq).
Removed top 31 bits (of 32) from port B of cell nerv.$procmux$9445_CMP0 ($eq).
Removed top 30 bits (of 32) from port B of cell nerv.$procmux$9454_CMP0 ($eq).
Removed top 31 bits (of 32) from mux cell nerv.$procmux$9453 ($pmux).
Removed top 30 bits (of 32) from port B of cell nerv.$procmux$9455_CMP0 ($eq).
Removed top 31 bits (of 32) from port B of cell nerv.$procmux$9456_CMP0 ($eq).
Removed top 30 bits (of 32) from port B of cell nerv.$procmux$9465_CMP0 ($eq).
Removed top 31 bits (of 32) from mux cell nerv.$procmux$9464 ($pmux).
Removed top 30 bits (of 32) from port B of cell nerv.$procmux$9466_CMP0 ($eq).
Removed top 31 bits (of 32) from port B of cell nerv.$procmux$9467_CMP0 ($eq).
Removed top 30 bits (of 32) from port B of cell nerv.$procmux$9476_CMP0 ($eq).
Removed top 31 bits (of 32) from mux cell nerv.$procmux$9475 ($pmux).
Removed top 30 bits (of 32) from port B of cell nerv.$procmux$9477_CMP0 ($eq).
Removed top 31 bits (of 32) from port B of cell nerv.$procmux$9478_CMP0 ($eq).
Removed top 30 bits (of 32) from port B of cell nerv.$procmux$9487_CMP0 ($eq).
Removed top 31 bits (of 32) from mux cell nerv.$procmux$9486 ($pmux).
Removed top 30 bits (of 32) from port B of cell nerv.$procmux$9488_CMP0 ($eq).
Removed top 31 bits (of 32) from port B of cell nerv.$procmux$9489_CMP0 ($eq).
Removed top 30 bits (of 32) from port B of cell nerv.$procmux$9498_CMP0 ($eq).
Removed top 31 bits (of 32) from mux cell nerv.$procmux$9497 ($pmux).
Removed top 30 bits (of 32) from port B of cell nerv.$procmux$9499_CMP0 ($eq).
Removed top 31 bits (of 32) from port B of cell nerv.$procmux$9500_CMP0 ($eq).
Removed top 30 bits (of 32) from port B of cell nerv.$procmux$9509_CMP0 ($eq).
Removed top 31 bits (of 32) from mux cell nerv.$procmux$9508 ($pmux).
Removed top 30 bits (of 32) from port B of cell nerv.$procmux$9510_CMP0 ($eq).
Removed top 31 bits (of 32) from port B of cell nerv.$procmux$9511_CMP0 ($eq).
Removed top 30 bits (of 32) from port B of cell nerv.$procmux$9531_CMP0 ($eq).
Removed top 31 bits (of 32) from mux cell nerv.$procmux$9530 ($pmux).
Removed top 30 bits (of 32) from port B of cell nerv.$procmux$9532_CMP0 ($eq).
Removed top 31 bits (of 32) from port B of cell nerv.$procmux$9533_CMP0 ($eq).
Removed top 1 bits (of 2) from port B of cell nerv.$procmux$9555_CMP0 ($eq).
Removed top 3 bits (of 5) from mux cell nerv.$procmux$9991 ($mux).
Removed top 2 bits (of 5) from mux cell nerv.$procmux$10048 ($mux).
Removed top 1 bits (of 5) from mux cell nerv.$procmux$10102 ($mux).
Removed top 19 bits (of 32) from mux cell nerv.$procmux$10586 ($mux).
Removed top 19 bits (of 32) from wire nerv.$0\csr_mstatus_value[31:0].
Removed top 31 bits (of 32) from wire nerv.$10\hpm_increment[31:0].
Removed top 31 bits (of 32) from wire nerv.$12\hpm_increment[31:0].
Removed top 31 bits (of 32) from wire nerv.$14\hpm_increment[31:0].
Removed top 31 bits (of 32) from wire nerv.$16\hpm_increment[31:0].
Removed top 1 bits (of 5) from wire nerv.$17\irq_num[4:0].
Removed top 31 bits (of 32) from wire nerv.$18\hpm_increment[31:0].
Removed top 2 bits (of 5) from wire nerv.$18\irq_num[4:0].
Removed top 31 bits (of 32) from wire nerv.$20\hpm_increment[31:0].
Removed top 31 bits (of 32) from wire nerv.$22\hpm_increment[31:0].
Removed top 31 bits (of 32) from wire nerv.$24\hpm_increment[31:0].
Removed top 31 bits (of 32) from wire nerv.$26\hpm_increment[31:0].
Removed top 31 bits (of 32) from wire nerv.$28\hpm_increment[31:0].
Removed top 31 bits (of 32) from wire nerv.$2\hpm_increment[31:0].
Removed top 31 bits (of 32) from wire nerv.$30\hpm_increment[31:0].
Removed top 31 bits (of 32) from wire nerv.$3\hpm_increment[31:0].
Removed top 31 bits (of 32) from wire nerv.$4\hpm_increment[31:0].
Removed top 31 bits (of 32) from wire nerv.$6\hpm_increment[31:0].
Removed top 31 bits (of 32) from wire nerv.$8\hpm_increment[31:0].
Removed top 31 bits (of 32) from wire nerv.$lt$nerv.sv:1000$739_Y.
Removed top 31 bits (of 32) from wire nerv.$lt$nerv.sv:982$726_Y.
Removed top 26 bits (of 32) from wire nerv.$mul$nerv.sv:1140$767_Y.
Removed top 26 bits (of 32) from wire nerv.$mul$nerv.sv:970$722_Y.
Removed top 27 bits (of 32) from wire nerv.$ternary$nerv.sv:1167$781_Y.
Removed top 29 bits (of 32) from wire nerv.$ternary$nerv.sv:1261$793_Y.
Removed top 24 bits (of 32) from wire nerv.csr_mstatus_next.
Removed top 31 bits (of 32) from wire nerv.hpm_increment.
Removed top 11 bits (of 17) from port B of cell nerv_extended_wrapper.$eq$nerv_wrapper.sv:102$18 ($eq).
Removed top 1 bits (of 17) from port B of cell nerv_extended_wrapper.$eq$nerv_wrapper.sv:103$20 ($eq).
Removed top 2 bits (of 7) from port B of cell nerv_extended_wrapper.$ne$nerv_wrapper.sv:146$23 ($ne).
Removed top 2 bits (of 3) from port B of cell nerv_extended_wrapper.$ne$nerv_wrapper.sv:148$24 ($ne).
Removed top 1 bits (of 12) from port B of cell nerv_extended_wrapper.$le$nerv_wrapper.sv:151$28 ($le).
Removed top 30 bits (of 32) from port B of cell nerv_extended_wrapper.$add$nerv_wrapper.sv:166$38 ($add).
Removed top 2 bits (of 4) from port B of cell nerv_extended_wrapper.$procmux$10611_CMP0 ($eq).
Removed top 3 bits (of 4) from port B of cell nerv_extended_wrapper.$procmux$10612_CMP0 ($eq).
Removed top 2 bits (of 6) from mux cell nerv_extended_wrapper.$procmux$10614 ($mux).
Removed top 1 bits (of 5) from port B of cell nerv_extended_wrapper.$procmux$10679_CMP0 ($eq).
Removed top 1 bits (of 5) from port B of cell nerv_extended_wrapper.$procmux$10680_CMP0 ($eq).
Removed top 1 bits (of 5) from port B of cell nerv_extended_wrapper.$procmux$10681_CMP0 ($eq).
Removed top 1 bits (of 5) from port B of cell nerv_extended_wrapper.$procmux$10682_CMP0 ($eq).
Removed top 1 bits (of 5) from port B of cell nerv_extended_wrapper.$procmux$10683_CMP0 ($eq).
Removed top 1 bits (of 5) from port B of cell nerv_extended_wrapper.$procmux$10684_CMP0 ($eq).
Removed top 1 bits (of 5) from port B of cell nerv_extended_wrapper.$procmux$10685_CMP0 ($eq).
Removed top 1 bits (of 5) from port B of cell nerv_extended_wrapper.$procmux$10686_CMP0 ($eq).
Removed top 2 bits (of 5) from port B of cell nerv_extended_wrapper.$procmux$10687_CMP0 ($eq).
Removed top 2 bits (of 5) from port B of cell nerv_extended_wrapper.$procmux$10688_CMP0 ($eq).
Removed top 2 bits (of 5) from port B of cell nerv_extended_wrapper.$procmux$10689_CMP0 ($eq).
Removed top 2 bits (of 5) from port B of cell nerv_extended_wrapper.$procmux$10690_CMP0 ($eq).
Removed top 3 bits (of 5) from port B of cell nerv_extended_wrapper.$procmux$10691_CMP0 ($eq).
Removed top 3 bits (of 5) from port B of cell nerv_extended_wrapper.$procmux$10692_CMP0 ($eq).
Removed top 4 bits (of 5) from port B of cell nerv_extended_wrapper.$procmux$10693_CMP0 ($eq).
Removed top 31 bits (of 32) from mux cell nerv_extended_wrapper.$procmux$11782 ($mux).
Removed top 31 bits (of 32) from wire nerv_extended_wrapper.$0\shadow_regfile[10][31:0].
Removed top 31 bits (of 32) from wire nerv_extended_wrapper.$2\shadow_regfile[0][31:0].

5.9. Executing OPT_CLEAN pass (remove unused cells and wires).
Finding unused cells or wires in module \CheckerWithResult..
Finding unused cells or wires in module \CheckerWrapper..
Finding unused cells or wires in module \RiscvCore..
Finding unused cells or wires in module \RiscvTrans..
Finding unused cells or wires in module \nerv..
Finding unused cells or wires in module \nerv_extended_wrapper..
Removed 0 unused cells and 98 unused wires.
<suppressed ~3 debug messages>

5.10. Executing MEMORY_COLLECT pass (generating $mem cells).

5.11. Executing OPT pass (performing simple optimizations).

5.11.1. Executing OPT_EXPR pass (perform const folding).
Optimizing module CheckerWithResult.
Optimizing module CheckerWrapper.
Optimizing module RiscvCore.
Optimizing module RiscvTrans.
Optimizing module nerv.
Optimizing module nerv_extended_wrapper.

5.11.2. Executing OPT_MERGE pass (detect identical cells).
Finding identical cells in module `\CheckerWithResult'.
Finding identical cells in module `\CheckerWrapper'.
Finding identical cells in module `\RiscvCore'.
Finding identical cells in module `\RiscvTrans'.
Finding identical cells in module `\nerv'.
<suppressed ~6 debug messages>
Finding identical cells in module `\nerv_extended_wrapper'.
Removed a total of 2 cells.

5.11.3. Executing OPT_CLEAN pass (remove unused cells and wires).
Finding unused cells or wires in module \CheckerWithResult..
Finding unused cells or wires in module \CheckerWrapper..
Finding unused cells or wires in module \RiscvCore..
Finding unused cells or wires in module \RiscvTrans..
Finding unused cells or wires in module \nerv..
Finding unused cells or wires in module \nerv_extended_wrapper..
Removed 0 unused cells and 2 unused wires.
<suppressed ~1 debug messages>

5.11.4. Finished fast OPT passes.

5.12. Printing statistics.

=== CheckerWithResult ===

   Number of wires:                369
   Number of wire bits:           7213
   Number of public wires:         309
   Number of public wire bits:    7153
   Number of ports:                 88
   Number of port bits:           2476
   Number of memories:               0
   Number of memory bits:            0
   Number of processes:              0
   Number of cells:                124
     $and                            4
     $check                         59
     $eq                            50
     $logic_not                      1
     $mux                            5
     $not                            1
     $or                             3
     RiscvCore                       1

=== CheckerWrapper ===

   Number of wires:                176
   Number of wire bits:           4952
   Number of public wires:         176
   Number of public wire bits:    4952
   Number of ports:                 88
   Number of port bits:           2476
   Number of memories:               0
   Number of memory bits:            0
   Number of processes:              0
   Number of cells:                  1
     CheckerWithResult               1

=== RiscvCore ===

   Number of wires:                612
   Number of wire bits:          16926
   Number of public wires:         542
   Number of public wire bits:   14788
   Number of ports:                158
   Number of port bits:           4614
   Number of memories:               0
   Number of memory bits:            0
   Number of processes:              0
   Number of cells:                141
     $dff                           70
     $mux                           70
     RiscvTrans                      1

=== RiscvTrans ===

   Number of wires:               5028
   Number of wire bits:         108587
   Number of public wires:        4910
   Number of public wire bits:  108469
   Number of ports:                158
   Number of port bits:           4614
   Number of memories:               0
   Number of memory bits:            0
   Number of processes:              0
   Number of cells:               3249
     $add                            7
     $and                           36
     $div                            2
     $eq                           164
     $ge                             2
     $logic_not                      9
     $lt                             6
     $mod                            2
     $mul                            3
     $mux                         2975
     $ne                             2
     $not                            2
     $or                            28
     $shl                            2
     $shr                            4
     $sshr                           2
     $sub                            1
     $xor                            2

=== nerv ===

   Number of wires:               2310
   Number of wire bits:          60943
   Number of public wires:         986
   Number of public wire bits:   35546
   Number of ports:                500
   Number of port bits:          15528
   Number of memories:               0
   Number of memory bits:            0
   Number of processes:              0
   Number of cells:               2113
     $add                           43
     $and                            4
     $dff                          474
     $eq                           244
     $ge                             2
     $logic_and                    228
     $logic_not                     13
     $logic_or                       8
     $lt                             4
     $mem_v2                         1
     $mul                            2
     $mux                          979
     $ne                             2
     $not                            1
     $or                             3
     $pmux                          44
     $reduce_bool                    4
     $reduce_or                     41
     $shl                            7
     $shr                            3
     $sshr                           2
     $sub                            2
     $xor                            2

=== nerv_extended_wrapper ===

   Number of wires:                329
   Number of wire bits:           4297
   Number of public wires:         171
   Number of public wire bits:    3953
   Number of ports:                 54
   Number of port bits:           1388
   Number of memories:               0
   Number of memory bits:            0
   Number of processes:              0
   Number of cells:                209
     $add                            1
     $and                           62
     $anyseq                         3
     $check                          4
     $dff                            7
     $dlatch                        31
     $eq                            39
     $le                             1
     $logic_and                      4
     $logic_not                      4
     $logic_or                       3
     $mux                           11
     $ne                             3
     $not                            1
     $pmux                           1
     $reduce_or                     31
     $shiftx                         1
     CheckerWrapper                  1
     nerv                            1

=== design hierarchy ===

   nerv_extended_wrapper             1
     CheckerWrapper                  1
       CheckerWithResult             1
         RiscvCore                   1
           RiscvTrans                1
     nerv                            1

   Number of wires:               8824
   Number of wire bits:         202918
   Number of public wires:        7094
   Number of public wire bits:  174861
   Number of ports:               1046
   Number of port bits:          31096
   Number of memories:               0
   Number of memory bits:            0
   Number of processes:              0
   Number of cells:               5832
     $add                           51
     $and                          106
     $anyseq                         3
     $check                         63
     $dff                          551
     $div                            2
     $dlatch                        31
     $eq                           497
     $ge                             4
     $le                             1
     $logic_and                    232
     $logic_not                     27
     $logic_or                      11
     $lt                            10
     $mem_v2                         1
     $mod                            2
     $mul                            5
     $mux                         4040
     $ne                             7
     $not                            5
     $or                            34
     $pmux                          45
     $reduce_bool                    4
     $reduce_or                     72
     $shiftx                         1
     $shl                            9
     $shr                            7
     $sshr                           4
     $sub                            3
     $xor                            4

5.13. Executing CHECK pass (checking for obvious problems).
Checking module CheckerWithResult...
Checking module CheckerWrapper...
Checking module RiscvCore...
Checking module RiscvTrans...
Checking module nerv...
Checking module nerv_extended_wrapper...
Warning: Wire nerv_extended_wrapper.\result_csr_stvec [0] is used but has no driver.
Warning: Wire nerv_extended_wrapper.\result_csr_stval [0] is used but has no driver.
Warning: Wire nerv_extended_wrapper.\result_csr_sscratch [0] is used but has no driver.
Warning: Wire nerv_extended_wrapper.\result_csr_sepc [0] is used but has no driver.
Warning: Wire nerv_extended_wrapper.\result_csr_scounteren [0] is used but has no driver.
Warning: Wire nerv_extended_wrapper.\result_csr_scause [0] is used but has no driver.
Warning: Wire nerv_extended_wrapper.\result_csr_satp [0] is used but has no driver.
Warning: Wire nerv_extended_wrapper.\result_csr_pmpcfg3 [0] is used but has no driver.
Warning: Wire nerv_extended_wrapper.\result_csr_pmpcfg2 [0] is used but has no driver.
Warning: Wire nerv_extended_wrapper.\result_csr_pmpcfg1 [0] is used but has no driver.
Warning: Wire nerv_extended_wrapper.\result_csr_pmpcfg0 [0] is used but has no driver.
Warning: Wire nerv_extended_wrapper.\result_csr_pmpaddr3 [0] is used but has no driver.
Warning: Wire nerv_extended_wrapper.\result_csr_pmpaddr2 [0] is used but has no driver.
Warning: Wire nerv_extended_wrapper.\result_csr_pmpaddr1 [0] is used but has no driver.
Warning: Wire nerv_extended_wrapper.\result_csr_pmpaddr0 [0] is used but has no driver.
Warning: Wire nerv_extended_wrapper.\result_csr_mideleg [0] is used but has no driver.
Warning: Wire nerv_extended_wrapper.\result_csr_medeleg [0] is used but has no driver.
Warning: Wire nerv_extended_wrapper.\result_csr_cycle [0] is used but has no driver.
Warning: Wire nerv_extended_wrapper.\instCommit_pc [31] is used but has no driver.
Warning: Wire nerv_extended_wrapper.\instCommit_pc [30] is used but has no driver.
Warning: Wire nerv_extended_wrapper.\instCommit_pc [29] is used but has no driver.
Warning: Wire nerv_extended_wrapper.\instCommit_pc [28] is used but has no driver.
Warning: Wire nerv_extended_wrapper.\instCommit_pc [27] is used but has no driver.
Warning: Wire nerv_extended_wrapper.\instCommit_pc [26] is used but has no driver.
Warning: Wire nerv_extended_wrapper.\instCommit_pc [25] is used but has no driver.
Warning: Wire nerv_extended_wrapper.\instCommit_pc [24] is used but has no driver.
Warning: Wire nerv_extended_wrapper.\instCommit_pc [23] is used but has no driver.
Warning: Wire nerv_extended_wrapper.\instCommit_pc [22] is used but has no driver.
Warning: Wire nerv_extended_wrapper.\instCommit_pc [21] is used but has no driver.
Warning: Wire nerv_extended_wrapper.\instCommit_pc [20] is used but has no driver.
Warning: Wire nerv_extended_wrapper.\instCommit_pc [19] is used but has no driver.
Warning: Wire nerv_extended_wrapper.\instCommit_pc [18] is used but has no driver.
Warning: Wire nerv_extended_wrapper.\instCommit_pc [17] is used but has no driver.
Warning: Wire nerv_extended_wrapper.\instCommit_pc [16] is used but has no driver.
Warning: Wire nerv_extended_wrapper.\instCommit_pc [15] is used but has no driver.
Warning: Wire nerv_extended_wrapper.\instCommit_pc [14] is used but has no driver.
Warning: Wire nerv_extended_wrapper.\instCommit_pc [13] is used but has no driver.
Warning: Wire nerv_extended_wrapper.\instCommit_pc [12] is used but has no driver.
Warning: Wire nerv_extended_wrapper.\instCommit_pc [11] is used but has no driver.
Warning: Wire nerv_extended_wrapper.\instCommit_pc [10] is used but has no driver.
Warning: Wire nerv_extended_wrapper.\instCommit_pc [9] is used but has no driver.
Warning: Wire nerv_extended_wrapper.\instCommit_pc [8] is used but has no driver.
Warning: Wire nerv_extended_wrapper.\instCommit_pc [7] is used but has no driver.
Warning: Wire nerv_extended_wrapper.\instCommit_pc [6] is used but has no driver.
Warning: Wire nerv_extended_wrapper.\instCommit_pc [5] is used but has no driver.
Warning: Wire nerv_extended_wrapper.\instCommit_pc [4] is used but has no driver.
Warning: Wire nerv_extended_wrapper.\instCommit_pc [3] is used but has no driver.
Warning: Wire nerv_extended_wrapper.\instCommit_pc [2] is used but has no driver.
Warning: Wire nerv_extended_wrapper.\instCommit_pc [1] is used but has no driver.
Warning: Wire nerv_extended_wrapper.\instCommit_pc [0] is used but has no driver.
Warning: Wire nerv_extended_wrapper.\event_exceptionPC [0] is used but has no driver.
Warning: Wire nerv_extended_wrapper.\event_exceptionInst [31] is used but has no driver.
Warning: Wire nerv_extended_wrapper.\event_exceptionInst [30] is used but has no driver.
Warning: Wire nerv_extended_wrapper.\event_exceptionInst [29] is used but has no driver.
Warning: Wire nerv_extended_wrapper.\event_exceptionInst [28] is used but has no driver.
Warning: Wire nerv_extended_wrapper.\event_exceptionInst [27] is used but has no driver.
Warning: Wire nerv_extended_wrapper.\event_exceptionInst [26] is used but has no driver.
Warning: Wire nerv_extended_wrapper.\event_exceptionInst [25] is used but has no driver.
Warning: Wire nerv_extended_wrapper.\event_exceptionInst [24] is used but has no driver.
Warning: Wire nerv_extended_wrapper.\event_exceptionInst [23] is used but has no driver.
Warning: Wire nerv_extended_wrapper.\event_exceptionInst [22] is used but has no driver.
Warning: Wire nerv_extended_wrapper.\event_exceptionInst [21] is used but has no driver.
Warning: Wire nerv_extended_wrapper.\event_exceptionInst [20] is used but has no driver.
Warning: Wire nerv_extended_wrapper.\event_exceptionInst [19] is used but has no driver.
Warning: Wire nerv_extended_wrapper.\event_exceptionInst [18] is used but has no driver.
Warning: Wire nerv_extended_wrapper.\event_exceptionInst [17] is used but has no driver.
Warning: Wire nerv_extended_wrapper.\event_exceptionInst [16] is used but has no driver.
Warning: Wire nerv_extended_wrapper.\event_exceptionInst [15] is used but has no driver.
Warning: Wire nerv_extended_wrapper.\event_exceptionInst [14] is used but has no driver.
Warning: Wire nerv_extended_wrapper.\event_exceptionInst [13] is used but has no driver.
Warning: Wire nerv_extended_wrapper.\event_exceptionInst [12] is used but has no driver.
Warning: Wire nerv_extended_wrapper.\event_exceptionInst [11] is used but has no driver.
Warning: Wire nerv_extended_wrapper.\event_exceptionInst [10] is used but has no driver.
Warning: Wire nerv_extended_wrapper.\event_exceptionInst [9] is used but has no driver.
Warning: Wire nerv_extended_wrapper.\event_exceptionInst [8] is used but has no driver.
Warning: Wire nerv_extended_wrapper.\event_exceptionInst [7] is used but has no driver.
Warning: Wire nerv_extended_wrapper.\event_exceptionInst [6] is used but has no driver.
Warning: Wire nerv_extended_wrapper.\event_exceptionInst [5] is used but has no driver.
Warning: Wire nerv_extended_wrapper.\event_exceptionInst [4] is used but has no driver.
Warning: Wire nerv_extended_wrapper.\event_exceptionInst [3] is used but has no driver.
Warning: Wire nerv_extended_wrapper.\event_exceptionInst [2] is used but has no driver.
Warning: Wire nerv_extended_wrapper.\event_exceptionInst [1] is used but has no driver.
Warning: Wire nerv_extended_wrapper.\event_exceptionInst [0] is used but has no driver.
Warning: Wire nerv_extended_wrapper.\uut.regfile is used but has no driver.
Warning: Wire nerv_extended_wrapper.\uut.rvfi_mem_rmask is used but has no driver.
Warning: Wire nerv_extended_wrapper.\uut.mem_wr_enable_q is used but has no driver.
Warning: Wire nerv_extended_wrapper.\uut.mem_rd_enable_q is used but has no driver.
Warning: Wire nerv_extended_wrapper.\imem_data [15] is used but has no driver.
Warning: Wire nerv_extended_wrapper.\imem_data [11] is used but has no driver.
Warning: Wire nerv_extended_wrapper.\imem_data [10] is used but has no driver.
Warning: Wire nerv_extended_wrapper.\imem_data [9] is used but has no driver.
Warning: Wire nerv_extended_wrapper.\imem_data [8] is used but has no driver.
Warning: Wire nerv_extended_wrapper.\imem_data [7] is used but has no driver.
Warning: Wire nerv_extended_wrapper.\imem_data [24] is used but has no driver.
Warning: Wire nerv_extended_wrapper.\imem_data [23] is used but has no driver.
Warning: Wire nerv_extended_wrapper.\imem_data [22] is used but has no driver.
Warning: Wire nerv_extended_wrapper.\imem_data [21] is used but has no driver.
Warning: Wire nerv_extended_wrapper.\imem_data [20] is used but has no driver.
Warning: Wire nerv_extended_wrapper.\imem_data [19] is used but has no driver.
Warning: Wire nerv_extended_wrapper.\imem_data [18] is used but has no driver.
Warning: Wire nerv_extended_wrapper.\imem_data [17] is used but has no driver.
Warning: Wire nerv_extended_wrapper.\imem_data [16] is used but has no driver.
Warning: Wire nerv_extended_wrapper.\imem_data [31] is used but has no driver.
Warning: Wire nerv_extended_wrapper.\imem_data [30] is used but has no driver.
Warning: Wire nerv_extended_wrapper.\imem_data [29] is used but has no driver.
Warning: Wire nerv_extended_wrapper.\imem_data [28] is used but has no driver.
Warning: Wire nerv_extended_wrapper.\imem_data [27] is used but has no driver.
Warning: Wire nerv_extended_wrapper.\imem_data [26] is used but has no driver.
Warning: Wire nerv_extended_wrapper.\imem_data [25] is used but has no driver.
Warning: Wire nerv_extended_wrapper.\imem_data [14] is used but has no driver.
Warning: Wire nerv_extended_wrapper.\imem_data [13] is used but has no driver.
Warning: Wire nerv_extended_wrapper.\imem_data [12] is used but has no driver.
Warning: Wire nerv_extended_wrapper.\imem_data [6] is used but has no driver.
Warning: Wire nerv_extended_wrapper.\imem_data [5] is used but has no driver.
Warning: Wire nerv_extended_wrapper.\imem_data [4] is used but has no driver.
Warning: Wire nerv_extended_wrapper.\imem_data [3] is used but has no driver.
Warning: Wire nerv_extended_wrapper.\imem_data [2] is used but has no driver.
Warning: Wire nerv_extended_wrapper.\imem_data [1] is used but has no driver.
Warning: Wire nerv_extended_wrapper.\imem_data [0] is used but has no driver.
Warning: Wire nerv_extended_wrapper.\clk is used but has no driver.
Found and reported 120 problems.

6. Executing HIERARCHY pass (managing design hierarchy).

6.1. Analyzing design hierarchy..
Top module:  \nerv_extended_wrapper
Used module:     \CheckerWrapper
Used module:         \CheckerWithResult
Used module:             \RiscvCore
Used module:                 \RiscvTrans
Used module:     \nerv

6.2. Analyzing design hierarchy..
Top module:  \nerv_extended_wrapper
Used module:     \CheckerWrapper
Used module:         \CheckerWithResult
Used module:             \RiscvCore
Used module:                 \RiscvTrans
Used module:     \nerv
Removed 0 unused modules.
Module CheckerWithResult directly or indirectly contains formal properties -> setting "keep" attribute.
Module CheckerWrapper directly or indirectly contains formal properties -> setting "keep" attribute.
Module nerv_extended_wrapper directly or indirectly contains formal properties -> setting "keep" attribute.

7. Executing jny backend.

8. Executing RTLIL backend.
Output filename: ../model/design.il

Warnings: 178 unique messages, 330 total
End of script. Logfile hash: 2495427b18, CPU: user 6.35s system 0.11s, MEM: 151.08 MB peak
Yosys 0.46+124 (git sha1 d1695ad99, clang++ 14.0.0-1ubuntu1.1 -fPIC -O3)
Time spent: 29% 5x opt_clean (1 sec), 12% 8x read_verilog (0 sec), ...
